[{"model": "service_development.voicelabel", "pk": 1, "fields": {"name": "Dutch language", "description": "Nederlandse taal"}}, {"model": "service_development.voicelabel", "pk": 2, "fields": {"name": "General error message", "description": ""}}, {"model": "service_development.voicelabel", "pk": 3, "fields": {"name": "This is the truth", "description": ""}}, {"model": "service_development.voicelabel", "pk": 4, "fields": {"name": "English language", "description": ""}}, {"model": "service_development.voicelabel", "pk": 5, "fields": {"name": "Thank you for using this service", "description": ""}}, {"model": "service_development.voicelabel", "pk": 6, "fields": {"name": "Wow, it must be a really boring guy!", "description": ""}}, {"model": "service_development.voicelabel", "pk": 7, "fields": {"name": "French language", "description": ""}}, {"model": "service_development.voicelabel", "pk": 8, "fields": {"name": "Please select your language", "description": ""}}, {"model": "service_development.voicelabel", "pk": 9, "fields": {"name": "Pre Choice Option", "description": ""}}, {"model": "service_development.voicelabel", "pk": 10, "fields": {"name": "Post Choice Option", "description": ""}}, {"model": "service_development.voicelabel", "pk": 11, "fields": {"name": "One", "description": ""}}, {"model": "service_development.voicelabel", "pk": 12, "fields": {"name": "Two", "description": ""}}, {"model": "service_development.voicelabel", "pk": 13, "fields": {"name": "Three", "description": ""}}, {"model": "service_development.voicelabel", "pk": 14, "fields": {"name": "Four", "description": ""}}, {"model": "service_development.voicelabel", "pk": 15, "fields": {"name": "Five", "description": ""}}, {"model": "service_development.voicelabel", "pk": 16, "fields": {"name": "Six", "description": ""}}, {"model": "service_development.voicelabel", "pk": 17, "fields": {"name": "Seven", "description": ""}}, {"model": "service_development.voicelabel", "pk": 18, "fields": {"name": "Eight", "description": ""}}, {"model": "service_development.voicelabel", "pk": 19, "fields": {"name": "Nine", "description": ""}}, {"model": "service_development.voicelabel", "pk": 20, "fields": {"name": "Zero", "description": ""}}, {"model": "service_development.voicelabel", "pk": 21, "fields": {"name": "Yes", "description": ""}}, {"model": "service_development.voicelabel", "pk": 22, "fields": {"name": "No", "description": ""}}, {"model": "service_development.voicelabel", "pk": 23, "fields": {"name": "Does the king like to drink beer?", "description": ""}}, {"model": "service_development.voicelabel", "pk": 24, "fields": {"name": "Welcome message", "description": "welcome message"}}, {"model": "service_development.voicelabel", "pk": 25, "fields": {"name": "Record Name", "description": "Record name"}}, {"model": "service_development.voicelabel", "pk": 26, "fields": {"name": "Ask if record name", "description": "Ask if record name"}}, {"model": "service_development.voicelabel", "pk": 27, "fields": {"name": "Ask for gender", "description": "ask for gender"}}, {"model": "service_development.voicelabel", "pk": 28, "fields": {"name": "Male", "description": "Male"}}, {"model": "service_development.voicelabel", "pk": 29, "fields": {"name": "Female", "description": "Female"}}, {"model": "service_development.voicelabel", "pk": 30, "fields": {"name": "Skip select gender", "description": "Skip gender"}}, {"model": "service_development.voicelabel", "pk": 31, "fields": {"name": "Record village name", "description": "record village name"}}, {"model": "service_development.voicelabel", "pk": 32, "fields": {"name": "Your name is", "description": "Your name is"}}, {"model": "service_development.voicelabel", "pk": 33, "fields": {"name": "Ask for confirmation voice", "description": "ask for confirmation"}}, {"model": "service_development.voicelabel", "pk": 34, "fields": {"name": "Final confirmation voice", "description": "Final confirmation voice"}}, {"model": "service_development.voicelabel", "pk": 35, "fields": {"name": "Your village is", "description": "Your name is"}}, {"model": "service_development.voicelabel", "pk": 36, "fields": {"name": "Record Message voice", "description": "record message"}}, {"model": "service_development.voicelabel", "pk": 37, "fields": {"name": "Your message is", "description": "Your message is"}}, {"model": "service_development.voicelabel", "pk": 38, "fields": {"name": "Record another message?", "description": "Record another message?"}}, {"model": "service_development.language", "pk": 1, "fields": {"name": "Nederlands", "code": "nl", "voice_label": 1, "error_message": 2, "select_language": 8, "pre_choice_option": 9, "post_choice_option": 10, "one": 11, "two": 12, "three": 13, "four": 14, "five": 15, "six": 16, "seven": 17, "eight": 18, "nine": 19, "zero": 20}}, {"model": "service_development.language", "pk": 2, "fields": {"name": "English", "code": "en", "voice_label": 4, "error_message": 2, "select_language": 8, "pre_choice_option": 9, "post_choice_option": 10, "one": 11, "two": 12, "three": 13, "four": 14, "five": 15, "six": 16, "seven": 17, "eight": 18, "nine": 19, "zero": 20}}, {"model": "service_development.language", "pk": 3, "fields": {"name": "French", "code": "fr", "voice_label": 7, "error_message": 2, "select_language": 8, "pre_choice_option": 9, "post_choice_option": 10, "one": 11, "two": 12, "three": 13, "four": 14, "five": 15, "six": 16, "seven": 17, "eight": 18, "nine": 19, "zero": 20}}, {"model": "service_development.voicefragment", "pk": 1, "fields": {"parent": 6, "language": 2, "audio": "boring_guy_en.wav"}}, {"model": "service_development.voicefragment", "pk": 2, "fields": {"parent": 6, "language": 1, "audio": "boring_guy_nl.wav"}}, {"model": "service_development.voicefragment", "pk": 6, "fields": {"parent": 22, "language": 1, "audio": "no_nl.wav"}}, {"model": "service_development.voicefragment", "pk": 7, "fields": {"parent": 22, "language": 2, "audio": "no_en.wav"}}, {"model": "service_development.voicefragment", "pk": 8, "fields": {"parent": 22, "language": 3, "audio": "no_fr.wav"}}, {"model": "service_development.voicefragment", "pk": 9, "fields": {"parent": 21, "language": 1, "audio": "yes_nl.wav"}}, {"model": "service_development.voicefragment", "pk": 10, "fields": {"parent": 21, "language": 2, "audio": "yes_en.wav"}}, {"model": "service_development.voicefragment", "pk": 11, "fields": {"parent": 21, "language": 3, "audio": "yes_fr.wav"}}, {"model": "service_development.voicefragment", "pk": 12, "fields": {"parent": 20, "language": 1, "audio": "0_nl.wav"}}, {"model": "service_development.voicefragment", "pk": 13, "fields": {"parent": 20, "language": 2, "audio": "0_en.wav"}}, {"model": "service_development.voicefragment", "pk": 14, "fields": {"parent": 20, "language": 3, "audio": "0_fr.wav"}}, {"model": "service_development.voicefragment", "pk": 15, "fields": {"parent": 19, "language": 1, "audio": "9_nl.wav"}}, {"model": "service_development.voicefragment", "pk": 16, "fields": {"parent": 19, "language": 2, "audio": "9_fr.wav"}}, {"model": "service_development.voicefragment", "pk": 17, "fields": {"parent": 19, "language": 3, "audio": "9_en.wav"}}, {"model": "service_development.voicefragment", "pk": 18, "fields": {"parent": 18, "language": 1, "audio": "8_nl.wav"}}, {"model": "service_development.voicefragment", "pk": 19, "fields": {"parent": 18, "language": 2, "audio": "8_en.wav"}}, {"model": "service_development.voicefragment", "pk": 20, "fields": {"parent": 18, "language": 3, "audio": "8_fr.wav"}}, {"model": "service_development.voicefragment", "pk": 21, "fields": {"parent": 17, "language": 1, "audio": "7_nl.wav"}}, {"model": "service_development.voicefragment", "pk": 22, "fields": {"parent": 17, "language": 2, "audio": "7_en.wav"}}, {"model": "service_development.voicefragment", "pk": 23, "fields": {"parent": 17, "language": 3, "audio": "7_fr.wav"}}, {"model": "service_development.voicefragment", "pk": 24, "fields": {"parent": 16, "language": 1, "audio": "6_nl.wav"}}, {"model": "service_development.voicefragment", "pk": 25, "fields": {"parent": 16, "language": 2, "audio": "6_en.wav"}}, {"model": "service_development.voicefragment", "pk": 26, "fields": {"parent": 16, "language": 3, "audio": "6_fr.wav"}}, {"model": "service_development.voicefragment", "pk": 27, "fields": {"parent": 15, "language": 1, "audio": "5_nl.wav"}}, {"model": "service_development.voicefragment", "pk": 28, "fields": {"parent": 15, "language": 2, "audio": "5_en.wav"}}, {"model": "service_development.voicefragment", "pk": 29, "fields": {"parent": 15, "language": 3, "audio": "5_fr.wav"}}, {"model": "service_development.voicefragment", "pk": 30, "fields": {"parent": 14, "language": 1, "audio": "4_nl.wav"}}, {"model": "service_development.voicefragment", "pk": 31, "fields": {"parent": 14, "language": 2, "audio": "4_fr.wav"}}, {"model": "service_development.voicefragment", "pk": 32, "fields": {"parent": 14, "language": 3, "audio": "4_en.wav"}}, {"model": "service_development.voicefragment", "pk": 33, "fields": {"parent": 13, "language": 1, "audio": "3_nl.wav"}}, {"model": "service_development.voicefragment", "pk": 34, "fields": {"parent": 13, "language": 2, "audio": "3_en.wav"}}, {"model": "service_development.voicefragment", "pk": 35, "fields": {"parent": 13, "language": 3, "audio": "3_fr.wav"}}, {"model": "service_development.voicefragment", "pk": 36, "fields": {"parent": 12, "language": 1, "audio": "2_nl.wav"}}, {"model": "service_development.voicefragment", "pk": 37, "fields": {"parent": 12, "language": 2, "audio": "2_en.wav"}}, {"model": "service_development.voicefragment", "pk": 38, "fields": {"parent": 12, "language": 3, "audio": "2_fr.wav"}}, {"model": "service_development.voicefragment", "pk": 39, "fields": {"parent": 11, "language": 1, "audio": "1_nl.wav"}}, {"model": "service_development.voicefragment", "pk": 40, "fields": {"parent": 11, "language": 2, "audio": "1_en.wav"}}, {"model": "service_development.voicefragment", "pk": 41, "fields": {"parent": 11, "language": 3, "audio": "1_fr.wav"}}, {"model": "service_development.voicefragment", "pk": 42, "fields": {"parent": 10, "language": 1, "audio": "post_choice_option_nl.wav"}}, {"model": "service_development.voicefragment", "pk": 43, "fields": {"parent": 10, "language": 2, "audio": "post_choice_option_en.wav"}}, {"model": "service_development.voicefragment", "pk": 44, "fields": {"parent": 10, "language": 3, "audio": "post_choice_option_fr.wav"}}, {"model": "service_development.voicefragment", "pk": 45, "fields": {"parent": 9, "language": 1, "audio": "pre_choice_option_nl.wav"}}, {"model": "service_development.voicefragment", "pk": 46, "fields": {"parent": 9, "language": 2, "audio": "pre_choice_option_en.wav"}}, {"model": "service_development.voicefragment", "pk": 47, "fields": {"parent": 9, "language": 3, "audio": "pre_choice_option_fr.wav"}}, {"model": "service_development.voicefragment", "pk": 48, "fields": {"parent": 8, "language": 1, "audio": "select_language_nl.wav"}}, {"model": "service_development.voicefragment", "pk": 49, "fields": {"parent": 8, "language": 2, "audio": "select_language_en.wav"}}, {"model": "service_development.voicefragment", "pk": 50, "fields": {"parent": 8, "language": 3, "audio": "select_language_fr.wav"}}, {"model": "service_development.voicefragment", "pk": 51, "fields": {"parent": 7, "language": 1, "audio": "french_nl.wav"}}, {"model": "service_development.voicefragment", "pk": 52, "fields": {"parent": 7, "language": 2, "audio": "french_en.wav"}}, {"model": "service_development.voicefragment", "pk": 53, "fields": {"parent": 7, "language": 3, "audio": "french_fr.wav"}}, {"model": "service_development.voicefragment", "pk": 54, "fields": {"parent": 6, "language": 3, "audio": "boring_guy_fr.wav"}}, {"model": "service_development.voicefragment", "pk": 55, "fields": {"parent": 5, "language": 1, "audio": "thank_you_for_using_nl.wav"}}, {"model": "service_development.voicefragment", "pk": 56, "fields": {"parent": 5, "language": 2, "audio": "thank_you_for_using_en.wav"}}, {"model": "service_development.voicefragment", "pk": 57, "fields": {"parent": 5, "language": 3, "audio": "thank_you_for_using_fr.wav"}}, {"model": "service_development.voicefragment", "pk": 58, "fields": {"parent": 4, "language": 1, "audio": "english_nl.wav"}}, {"model": "service_development.voicefragment", "pk": 59, "fields": {"parent": 4, "language": 2, "audio": "english_en.wav"}}, {"model": "service_development.voicefragment", "pk": 60, "fields": {"parent": 4, "language": 3, "audio": "english_fr.wav"}}, {"model": "service_development.voicefragment", "pk": 61, "fields": {"parent": 3, "language": 1, "audio": "truth_nl.wav"}}, {"model": "service_development.voicefragment", "pk": 62, "fields": {"parent": 3, "language": 2, "audio": "truth_en.wav"}}, {"model": "service_development.voicefragment", "pk": 63, "fields": {"parent": 3, "language": 3, "audio": "truth_fr.wav"}}, {"model": "service_development.voicefragment", "pk": 64, "fields": {"parent": 2, "language": 1, "audio": "error_nl.wav"}}, {"model": "service_development.voicefragment", "pk": 65, "fields": {"parent": 2, "language": 2, "audio": "error_en.wav"}}, {"model": "service_development.voicefragment", "pk": 66, "fields": {"parent": 2, "language": 3, "audio": "error_fr.wav"}}, {"model": "service_development.voicefragment", "pk": 67, "fields": {"parent": 1, "language": 1, "audio": "dutch_nl.wav"}}, {"model": "service_development.voicefragment", "pk": 68, "fields": {"parent": 1, "language": 2, "audio": "dutch_en.wav"}}, {"model": "service_development.voicefragment", "pk": 69, "fields": {"parent": 1, "language": 3, "audio": "dutch_fr.wav"}}, {"model": "service_development.voicefragment", "pk": 70, "fields": {"parent": 23, "language": 1, "audio": "king_question_nl.wav"}}, {"model": "service_development.voicefragment", "pk": 71, "fields": {"parent": 23, "language": 2, "audio": "king_question_en.wav"}}, {"model": "service_development.voicefragment", "pk": 72, "fields": {"parent": 23, "language": 3, "audio": "king_question_fr.wav"}}, {"model": "service_development.voicefragment", "pk": 73, "fields": {"parent": 24, "language": 2, "audio": "welcome_message_english.wav"}}, {"model": "service_development.voicefragment", "pk": 74, "fields": {"parent": 24, "language": 1, "audio": "welcome_message_dutch.wav"}}, {"model": "service_development.voicefragment", "pk": 75, "fields": {"parent": 24, "language": 3, "audio": "welcome_message_french.wav"}}, {"model": "service_development.voicefragment", "pk": 76, "fields": {"parent": 25, "language": 2, "audio": "record_name_english.wav"}}, {"model": "service_development.voicefragment", "pk": 77, "fields": {"parent": 25, "language": 1, "audio": "record_name_dutch.wav"}}, {"model": "service_development.voicefragment", "pk": 78, "fields": {"parent": 25, "language": 3, "audio": "record_name_french.wav"}}, {"model": "service_development.voicefragment", "pk": 79, "fields": {"parent": 26, "language": 2, "audio": "ask_record_name_english.wav"}}, {"model": "service_development.voicefragment", "pk": 80, "fields": {"parent": 26, "language": 1, "audio": "ask_record_name_dutch.wav"}}, {"model": "service_development.voicefragment", "pk": 81, "fields": {"parent": 26, "language": 3, "audio": "ask_record_name_french.wav"}}, {"model": "service_development.voicefragment", "pk": 82, "fields": {"parent": 27, "language": 2, "audio": "record_gender_english.wav"}}, {"model": "service_development.voicefragment", "pk": 83, "fields": {"parent": 27, "language": 1, "audio": "record_gender_dutch.wav"}}, {"model": "service_development.voicefragment", "pk": 84, "fields": {"parent": 27, "language": 3, "audio": "record_gender_french.wav"}}, {"model": "service_development.voicefragment", "pk": 85, "fields": {"parent": 28, "language": 2, "audio": "male_english.wav"}}, {"model": "service_development.voicefragment", "pk": 86, "fields": {"parent": 28, "language": 1, "audio": "male_dutch.wav"}}, {"model": "service_development.voicefragment", "pk": 87, "fields": {"parent": 28, "language": 3, "audio": "male_french.wav"}}, {"model": "service_development.voicefragment", "pk": 88, "fields": {"parent": 29, "language": 2, "audio": "female_english.wav"}}, {"model": "service_development.voicefragment", "pk": 89, "fields": {"parent": 29, "language": 1, "audio": "female_dutch.wav"}}, {"model": "service_development.voicefragment", "pk": 90, "fields": {"parent": 29, "language": 3, "audio": "female_french.wav"}}, {"model": "service_development.voicefragment", "pk": 91, "fields": {"parent": 30, "language": 2, "audio": "skip_gender_english.wav"}}, {"model": "service_development.voicefragment", "pk": 92, "fields": {"parent": 30, "language": 3, "audio": "skip_gender_french.wav"}}, {"model": "service_development.voicefragment", "pk": 93, "fields": {"parent": 30, "language": 1, "audio": "skip_gender_dutch.wav"}}, {"model": "service_development.voicefragment", "pk": 94, "fields": {"parent": 31, "language": 2, "audio": "village_eng.wav"}}, {"model": "service_development.voicefragment", "pk": 95, "fields": {"parent": 31, "language": 1, "audio": "village_dutch.wav"}}, {"model": "service_development.voicefragment", "pk": 96, "fields": {"parent": 31, "language": 3, "audio": "village_french.wav"}}, {"model": "service_development.voicefragment", "pk": 97, "fields": {"parent": 32, "language": 2, "audio": "Your_name_is_english.wav"}}, {"model": "service_development.voicefragment", "pk": 98, "fields": {"parent": 32, "language": 1, "audio": "Your_name_is_dutch.wav"}}, {"model": "service_development.voicefragment", "pk": 99, "fields": {"parent": 32, "language": 3, "audio": "Your_name_is_french.wav"}}, {"model": "service_development.voicefragment", "pk": 100, "fields": {"parent": 33, "language": 2, "audio": "ask_confirmation_english.wav"}}, {"model": "service_development.voicefragment", "pk": 101, "fields": {"parent": 33, "language": 1, "audio": "ask_confirmation_dutch.wav"}}, {"model": "service_development.voicefragment", "pk": 102, "fields": {"parent": 33, "language": 3, "audio": "ask_confirmation_french.wav"}}, {"model": "service_development.voicefragment", "pk": 103, "fields": {"parent": 34, "language": 2, "audio": "recording_saved_english.wav"}}, {"model": "service_development.voicefragment", "pk": 104, "fields": {"parent": 34, "language": 1, "audio": "recording_saved_dutch.wav"}}, {"model": "service_development.voicefragment", "pk": 105, "fields": {"parent": 34, "language": 3, "audio": "recording_saved_french.wav"}}, {"model": "service_development.voicefragment", "pk": 106, "fields": {"parent": 35, "language": 2, "audio": "Your_village_is_english.wav"}}, {"model": "service_development.voicefragment", "pk": 107, "fields": {"parent": 35, "language": 1, "audio": "Your_village_is_dutch.wav"}}, {"model": "service_development.voicefragment", "pk": 108, "fields": {"parent": 35, "language": 3, "audio": "Your_village_is_french.wav"}}, {"model": "service_development.voicefragment", "pk": 109, "fields": {"parent": 36, "language": 2, "audio": "message_eng.wav"}}, {"model": "service_development.voicefragment", "pk": 110, "fields": {"parent": 36, "language": 1, "audio": "message_dutch.wav"}}, {"model": "service_development.voicefragment", "pk": 111, "fields": {"parent": 36, "language": 3, "audio": "message_french.wav"}}, {"model": "service_development.voicefragment", "pk": 112, "fields": {"parent": 37, "language": 2, "audio": "Your_message_is_english.wav"}}, {"model": "service_development.voicefragment", "pk": 113, "fields": {"parent": 37, "language": 1, "audio": "Your_message_is_dutch.wav"}}, {"model": "service_development.voicefragment", "pk": 114, "fields": {"parent": 37, "language": 3, "audio": "Your_message_is_french.wav"}}, {"model": "service_development.voicefragment", "pk": 115, "fields": {"parent": 38, "language": 2, "audio": "Record_another_english.wav"}}, {"model": "service_development.voicefragment", "pk": 116, "fields": {"parent": 38, "language": 1, "audio": "Record_another_dutch.wav"}}, {"model": "service_development.voicefragment", "pk": 117, "fields": {"parent": 38, "language": 3, "audio": "Record_another_french.wav"}}, {"model": "service_development.voiceservicesubelement", "pk": 2, "fields": {"service": 1, "creation_date": "2017-04-23T19:30:23.792Z", "modification_date": "2017-04-23T23:13:42.317Z", "name": "Does the king like to drink beer?", "description": "", "voice_label": 23}}, {"model": "service_development.voiceservicesubelement", "pk": 3, "fields": {"service": 1, "creation_date": "2017-04-23T19:32:07.853Z", "modification_date": "2017-04-23T22:51:29.350Z", "name": "Yes", "description": "King <3's BEER", "voice_label": 21}}, {"model": "service_development.voiceservicesubelement", "pk": 4, "fields": {"service": 1, "creation_date": "2017-04-23T19:32:07.854Z", "modification_date": "2017-04-23T22:51:29.352Z", "name": "No", "description": "", "voice_label": 22}}, {"model": "service_development.voiceservicesubelement", "pk": 5, "fields": {"service": 1, "creation_date": "2017-04-23T19:49:50.055Z", "modification_date": "2017-04-23T21:17:07.984Z", "name": "This is the truth", "description": "", "voice_label": 3}}, {"model": "service_development.voiceservicesubelement", "pk": 6, "fields": {"service": 1, "creation_date": "2017-04-23T21:11:06.805Z", "modification_date": "2017-04-23T21:33:29.853Z", "name": "Thank you for using this service", "description": "", "voice_label": 5}}, {"model": "service_development.voiceservicesubelement", "pk": 7, "fields": {"service": 1, "creation_date": "2017-04-23T21:36:55.756Z", "modification_date": "2017-04-23T21:36:55.756Z", "name": "King is boring", "description": "", "voice_label": 6}}, {"model": "service_development.voiceservicesubelement", "pk": 8, "fields": {"service": 2, "creation_date": "2017-05-03T18:24:50.546Z", "modification_date": "2017-05-03T18:24:50.546Z", "name": "Welcome message_presentation", "description": "Welcome message_presentation", "voice_label": 24}}, {"model": "service_development.voiceservicesubelement", "pk": 9, "fields": {"service": 2, "creation_date": "2017-05-03T18:26:00.628Z", "modification_date": "2017-05-03T19:39:28.228Z", "name": "Select Gender_choice", "description": "Select Gender_choice", "voice_label": 27}}, {"model": "service_development.voiceservicesubelement", "pk": 10, "fields": {"service": 2, "creation_date": "2017-05-03T18:26:00.632Z", "modification_date": "2017-05-03T19:39:28.231Z", "name": "Male", "description": "", "voice_label": 28}}, {"model": "service_development.voiceservicesubelement", "pk": 11, "fields": {"service": 2, "creation_date": "2017-05-03T18:26:00.633Z", "modification_date": "2017-05-03T19:39:28.232Z", "name": "Female", "description": "", "voice_label": 29}}, {"model": "service_development.voiceservicesubelement", "pk": 12, "fields": {"service": 2, "creation_date": "2017-05-03T18:26:00.635Z", "modification_date": "2017-05-03T19:39:28.233Z", "name": "skip", "description": "", "voice_label": 30}}, {"model": "service_development.voiceservicesubelement", "pk": 13, "fields": {"service": 2, "creation_date": "2017-05-03T18:27:58.695Z", "modification_date": "2017-05-03T21:34:10.469Z", "name": "Ask if record name_choice", "description": "Ask if record name_choice", "voice_label": 26}}, {"model": "service_development.voiceservicesubelement", "pk": 14, "fields": {"service": 2, "creation_date": "2017-05-03T18:30:44.900Z", "modification_date": "2017-05-03T19:38:16.783Z", "name": "Yes", "description": "Yes", "voice_label": 21}}, {"model": "service_development.voiceservicesubelement", "pk": 15, "fields": {"service": 2, "creation_date": "2017-05-03T18:30:44.903Z", "modification_date": "2017-05-03T19:38:16.785Z", "name": "No", "description": "No", "voice_label": 22}}, {"model": "service_development.voiceservicesubelement", "pk": 16, "fields": {"service": 2, "creation_date": "2017-05-03T19:29:40.078Z", "modification_date": "2017-05-03T19:29:40.078Z", "name": "Record village name_presentation", "description": "record village name", "voice_label": 31}}, {"model": "service_development.voiceservicesubelement", "pk": 17, "fields": {"service": 2, "creation_date": "2017-05-03T19:30:54.707Z", "modification_date": "2017-05-03T20:23:15.399Z", "name": "Record Name_DB", "description": "Record name", "voice_label": 25}}, {"model": "service_development.voiceservicesubelement", "pk": 18, "fields": {"service": 2, "creation_date": "2017-05-03T20:24:30.796Z", "modification_date": "2017-05-03T20:45:46.531Z", "name": "Record Village_DB", "description": "Record Village DB", "voice_label": 31}}, {"model": "service_development.voiceservicesubelement", "pk": 19, "fields": {"service": 2, "creation_date": "2017-05-03T20:43:45.495Z", "modification_date": "2017-05-03T21:35:04.239Z", "name": "Record Message_DB", "description": "Record message", "voice_label": 36}}, {"model": "service_development.voiceservicesubelement", "pk": 20, "fields": {"service": 2, "creation_date": "2017-05-03T21:32:55.783Z", "modification_date": "2017-05-03T21:35:22.725Z", "name": "Ask record another message_choice", "description": "Ask record another message", "voice_label": 38}}, {"model": "service_development.voiceservicesubelement", "pk": 21, "fields": {"service": 2, "creation_date": "2017-05-03T21:32:55.793Z", "modification_date": "2017-05-03T21:34:32.154Z", "name": "Yes", "description": "Yes", "voice_label": 21}}, {"model": "service_development.voiceservicesubelement", "pk": 22, "fields": {"service": 2, "creation_date": "2017-05-03T21:32:55.796Z", "modification_date": "2017-05-03T21:34:32.156Z", "name": "No", "description": "No", "voice_label": 22}}, {"model": "service_development.voiceserviceelement", "pk": 2, "fields": {}}, {"model": "service_development.voiceserviceelement", "pk": 5, "fields": {}}, {"model": "service_development.voiceserviceelement", "pk": 6, "fields": {}}, {"model": "service_development.voiceserviceelement", "pk": 7, "fields": {}}, {"model": "service_development.voiceserviceelement", "pk": 8, "fields": {}}, {"model": "service_development.voiceserviceelement", "pk": 9, "fields": {}}, {"model": "service_development.voiceserviceelement", "pk": 13, "fields": {}}, {"model": "service_development.voiceserviceelement", "pk": 16, "fields": {}}, {"model": "service_development.voiceserviceelement", "pk": 17, "fields": {}}, {"model": "service_development.voiceserviceelement", "pk": 18, "fields": {}}, {"model": "service_development.voiceserviceelement", "pk": 19, "fields": {}}, {"model": "service_development.voiceserviceelement", "pk": 20, "fields": {}}, {"model": "service_development.voiceservice", "pk": 1, "fields": {"name": "King's truth checker", "description": "Checks the user's knowledge about the king of the Netherlands", "creation_date": "2017-04-23T19:23:52.392Z", "modification_date": "2017-04-23T23:19:18.069Z", "active": true, "_start_element": 2, "requires_registration": false, "supported_languages": [1, 2, 3]}}, {"model": "service_development.voiceservice", "pk": 2, "fields": {"name": "Foroba blon caller", "description": "Foroba blon caller", "creation_date": "2017-05-03T18:24:14.670Z", "modification_date": "2017-05-03T18:24:14.670Z", "active": false, "_start_element": 5, "requires_registration": false, "supported_languages": [1, 2, 3]}}, {"model": "service_development.choice", "pk": 2, "fields": {}}, {"model": "service_development.choice", "pk": 9, "fields": {}}, {"model": "service_development.choice", "pk": 13, "fields": {}}, {"model": "service_development.choice", "pk": 20, "fields": {}}, {"model": "service_development.choiceoption", "pk": 3, "fields": {"parent": 2, "_redirect": 5}}, {"model": "service_development.choiceoption", "pk": 4, "fields": {"parent": 2, "_redirect": 7}}, {"model": "service_development.choiceoption", "pk": 10, "fields": {"parent": 9, "_redirect": 16}}, {"model": "service_development.choiceoption", "pk": 11, "fields": {"parent": 9, "_redirect": 16}}, {"model": "service_development.choiceoption", "pk": 12, "fields": {"parent": 9, "_redirect": 16}}, {"model": "service_development.choiceoption", "pk": 14, "fields": {"parent": 13, "_redirect": 17}}, {"model": "service_development.choiceoption", "pk": 15, "fields": {"parent": 13, "_redirect": 9}}, {"model": "service_development.choiceoption", "pk": 21, "fields": {"parent": 20, "_redirect": 19}}, {"model": "service_development.choiceoption", "pk": 22, "fields": {"parent": 20, "_redirect": 6}}, {"model": "service_development.messagepresentation", "pk": 5, "fields": {"final_element": false, "_redirect": 6}}, {"model": "service_development.messagepresentation", "pk": 6, "fields": {"final_element": true, "_redirect": null}}, {"model": "service_development.messagepresentation", "pk": 7, "fields": {"final_element": false, "_redirect": 6}}, {"model": "service_development.messagepresentation", "pk": 8, "fields": {"final_element": false, "_redirect": 6}}, {"model": "service_development.messagepresentation", "pk": 16, "fields": {"final_element": false, "_redirect": 6}}, {"model": "service_development.record", "pk": 17, "fields": {"not_heard_voice_label": null, "barge_in": true, "repeat_recording_to_caller": true, "repeat_voice_label": 32, "ask_confirmation": true, "ask_confirmation_voice_label": 33, "final_voice_label": 34, "_redirect": 9}}, {"model": "service_development.record", "pk": 18, "fields": {"not_heard_voice_label": null, "barge_in": true, "repeat_recording_to_caller": true, "repeat_voice_label": 35, "ask_confirmation": true, "ask_confirmation_voice_label": 33, "final_voice_label": 34, "_redirect": 19}}, {"model": "service_development.record", "pk": 19, "fields": {"not_heard_voice_label": null, "barge_in": true, "repeat_recording_to_caller": true, "repeat_voice_label": 37, "ask_confirmation": true, "ask_confirmation_voice_label": 33, "final_voice_label": 34, "_redirect": 20}}]