[{"model": "service_development.voicelabel", "pk": 1, "fields": {"name": "Dutch language", "description": "Nederlandse taal"}}, {"model": "service_development.voicelabel", "pk": 2, "fields": {"name": "General error message", "description": ""}}, {"model": "service_development.voicelabel", "pk": 3, "fields": {"name": "This is the truth", "description": ""}}, {"model": "service_development.voicelabel", "pk": 4, "fields": {"name": "English language", "description": ""}}, {"model": "service_development.voicelabel", "pk": 5, "fields": {"name": "Thank you for using this service", "description": ""}}, {"model": "service_development.voicelabel", "pk": 6, "fields": {"name": "Wow, it must be a really boring guy!", "description": ""}}, {"model": "service_development.voicelabel", "pk": 7, "fields": {"name": "French language", "description": ""}}, {"model": "service_development.voicelabel", "pk": 8, "fields": {"name": "Please select your language", "description": ""}}, {"model": "service_development.voicelabel", "pk": 9, "fields": {"name": "Pre Choice Option", "description": ""}}, {"model": "service_development.voicelabel", "pk": 10, "fields": {"name": "Post Choice Option", "description": ""}}, {"model": "service_development.voicelabel", "pk": 11, "fields": {"name": "One", "description": ""}}, {"model": "service_development.voicelabel", "pk": 12, "fields": {"name": "Two", "description": ""}}, {"model": "service_development.voicelabel", "pk": 13, "fields": {"name": "Three", "description": ""}}, {"model": "service_development.voicelabel", "pk": 14, "fields": {"name": "Four", "description": ""}}, {"model": "service_development.voicelabel", "pk": 15, "fields": {"name": "Five", "description": ""}}, {"model": "service_development.voicelabel", "pk": 16, "fields": {"name": "Six", "description": ""}}, {"model": "service_development.voicelabel", "pk": 17, "fields": {"name": "Seven", "description": ""}}, {"model": "service_development.voicelabel", "pk": 18, "fields": {"name": "Eight", "description": ""}}, {"model": "service_development.voicelabel", "pk": 19, "fields": {"name": "Nine", "description": ""}}, {"model": "service_development.voicelabel", "pk": 20, "fields": {"name": "Zero", "description": ""}}, {"model": "service_development.voicelabel", "pk": 21, "fields": {"name": "Yes", "description": ""}}, {"model": "service_development.voicelabel", "pk": 22, "fields": {"name": "No", "description": ""}}, {"model": "service_development.voicelabel", "pk": 23, "fields": {"name": "Does the king like to drink beer?", "description": ""}}, {"model": "service_development.voicelabel", "pk": 24, "fields": {"name": "Welcome message", "description": "welcome message"}}, {"model": "service_development.voicelabel", "pk": 25, "fields": {"name": "Record Name", "description": "Record name"}}, {"model": "service_development.voicelabel", "pk": 26, "fields": {"name": "Ask if record name", "description": "Ask if record name"}}, {"model": "service_development.voicelabel", "pk": 27, "fields": {"name": "Ask for gender", "description": "ask for gender"}}, {"model": "service_development.voicelabel", "pk": 28, "fields": {"name": "Male", "description": "Male"}}, {"model": "service_development.voicelabel", "pk": 29, "fields": {"name": "Female", "description": "Female"}}, {"model": "service_development.voicelabel", "pk": 30, "fields": {"name": "Skip select gender", "description": "Skip gender"}}, {"model": "service_development.voicelabel", "pk": 31, "fields": {"name": "Record village name", "description": "record village name"}}, {"model": "service_development.voicelabel", "pk": 32, "fields": {"name": "Your name is", "description": "Your name is"}}, {"model": "service_development.voicelabel", "pk": 33, "fields": {"name": "Ask for confirmation voice", "description": "ask for confirmation"}}, {"model": "service_development.voicelabel", "pk": 34, "fields": {"name": "Final confirmation voice", "description": "Final confirmation voice"}}, {"model": "service_development.voicelabel", "pk": 35, "fields": {"name": "Your village is", "description": "Your name is"}}, {"model": "service_development.voicelabel", "pk": 36, "fields": {"name": "Record Message voice", "description": "record message"}}, {"model": "service_development.voicelabel", "pk": 37, "fields": {"name": "Your message is", "description": "Your message is"}}, {"model": "service_development.voicelabel", "pk": 38, "fields": {"name": "Record another message?", "description": "Record another message?"}}, {"model": "service_development.language", "pk": 1, "fields": {"name": "Nederlands", "code": "nl", "voice_label": 1, "error_message": 2, "select_language": 8, "pre_choice_option": 9, "post_choice_option": 10, "one": 11, "two": 12, "three": 13, "four": 14, "five": 15, "six": 16, "seven": 17, "eight": 18, "nine": 19, "zero": 20}}, {"model": "service_development.language", "pk": 2, "fields": {"name": "English", "code": "en", "voice_label": 4, "error_message": 2, "select_language": 8, "pre_choice_option": 9, "post_choice_option": 10, "one": 11, "two": 12, "three": 13, "four": 14, "five": 15, "six": 16, "seven": 17, "eight": 18, "nine": 19, "zero": 20}}, {"model": "service_development.language", "pk": 3, "fields": {"name": "French", "code": "fr", "voice_label": 7, "error_message": 2, "select_language": 8, "pre_choice_option": 9, "post_choice_option": 10, "one": 11, "two": 12, "three": 13, "four": 14, "five": 15, "six": 16, "seven": 17, "eight": 18, "nine": 19, "zero": 20}}, {"model": "service_development.voicefragment", "pk": 1, "fields": {"parent": 6, "language": 2, "audio": "boring_guy_en.wav"}}, {"model": "service_development.voicefragment", "pk": 2, "fields": {"parent": 6, "language": 1, "audio": "boring_guy_nl.wav"}}, {"model": "service_development.voicefragment", "pk": 6, "fields": {"parent": 22, "language": 1, "audio": "no_nl.wav"}}, {"model": "service_development.voicefragment", "pk": 7, "fields": {"parent": 22, "language": 2, "audio": "no_en.wav"}}, {"model": "service_development.voicefragment", "pk": 8, "fields": {"parent": 22, "language": 3, "audio": "no_fr.wav"}}, {"model": "service_development.voicefragment", "pk": 9, "fields": {"parent": 21, "language": 1, "audio": "yes_nl.wav"}}, {"model": "service_development.voicefragment", "pk": 10, "fields": {"parent": 21, "language": 2, "audio": "yes_en.wav"}}, {"model": "service_development.voicefragment", "pk": 11, "fields": {"parent": 21, "language": 3, "audio": "yes_fr.wav"}}, {"model": "service_development.voicefragment", "pk": 12, "fields": {"parent": 20, "language": 1, "audio": "0_nl.wav"}}, {"model": "service_development.voicefragment", "pk": 13, "fields": {"parent": 20, "language": 2, "audio": "0_en.wav"}}, {"model": "service_development.voicefragment", "pk": 14, "fields": {"parent": 20, "language": 3, "audio": "0_fr.wav"}}, {"model": "service_development.voicefragment", "pk": 15, "fields": {"parent": 19, "language": 1, "audio": "9_nl.wav"}}, {"model": "service_development.voicefragment", "pk": 16, "fields": {"parent": 19, "language": 2, "audio": "9_fr.wav"}}, {"model": "service_development.voicefragment", "pk": 17, "fields": {"parent": 19, "language": 3, "audio": "9_en.wav"}}, {"model": "service_development.voicefragment", "pk": 18, "fields": {"parent": 18, "language": 1, "audio": "8_nl.wav"}}, {"model": "service_development.voicefragment", "pk": 19, "fields": {"parent": 18, "language": 2, "audio": "8_en.wav"}}, {"model": "service_development.voicefragment", "pk": 20, "fields": {"parent": 18, "language": 3, "audio": "8_fr.wav"}}, {"model": "service_development.voicefragment", "pk": 21, "fields": {"parent": 17, "language": 1, "audio": "7_nl.wav"}}, {"model": "service_development.voicefragment", "pk": 22, "fields": {"parent": 17, "language": 2, "audio": "7_en.wav"}}, {"model": "service_development.voicefragment", "pk": 23, "fields": {"parent": 17, "language": 3, "audio": "7_fr.wav"}}, {"model": "service_development.voicefragment", "pk": 24, "fields": {"parent": 16, "language": 1, "audio": "6_nl.wav"}}, {"model": "service_development.voicefragment", "pk": 25, "fields": {"parent": 16, "language": 2, "audio": "6_en.wav"}}, {"model": "service_development.voicefragment", "pk": 26, "fields": {"parent": 16, "language": 3, "audio": "6_fr.wav"}}, {"model": "service_development.voicefragment", "pk": 27, "fields": {"parent": 15, "language": 1, "audio": "5_nl.wav"}}, {"model": "service_development.voicefragment", "pk": 28, "fields": {"parent": 15, "language": 2, "audio": "5_en.wav"}}, {"model": "service_development.voicefragment", "pk": 29, "fields": {"parent": 15, "language": 3, "audio": "5_fr.wav"}}, {"model": "service_development.voicefragment", "pk": 30, "fields": {"parent": 14, "language": 1, "audio": "4_nl.wav"}}, {"model": "service_development.voicefragment", "pk": 31, "fields": {"parent": 14, "language": 2, "audio": "4_fr.wav"}}, {"model": "service_development.voicefragment", "pk": 32, "fields": {"parent": 14, "language": 3, "audio": "4_en.wav"}}, {"model": "service_development.voicefragment", "pk": 33, "fields": {"parent": 13, "language": 1, "audio": "3_nl.wav"}}, {"model": "service_development.voicefragment", "pk": 34, "fields": {"parent": 13, "language": 2, "audio": "3_en.wav"}}, {"model": "service_development.voicefragment", "pk": 35, "fields": {"parent": 13, "language": 3, "audio": "3_fr.wav"}}, {"model": "service_development.voicefragment", "pk": 36, "fields": {"parent": 12, "language": 1, "audio": "2_nl.wav"}}, {"model": "service_development.voicefragment", "pk": 37, "fields": {"parent": 12, "language": 2, "audio": "2_en.wav"}}, {"model": "service_development.voicefragment", "pk": 38, "fields": {"parent": 12, "language": 3, "audio": "2_fr.wav"}}, {"model": "service_development.voicefragment", "pk": 39, "fields": {"parent": 11, "language": 1, "audio": "1_nl.wav"}}, {"model": "service_development.voicefragment", "pk": 40, "fields": {"parent": 11, "language": 2, "audio": "1_en.wav"}}, {"model": "service_development.voicefragment", "pk": 41, "fields": {"parent": 11, "language": 3, "audio": "1_fr.wav"}}, {"model": "service_development.voicefragment", "pk": 42, "fields": {"parent": 10, "language": 1, "audio": "post_choice_option_nl.wav"}}, {"model": "service_development.voicefragment", "pk": 43, "fields": {"parent": 10, "language": 2, "audio": "post_choice_option_en.wav"}}, {"model": "service_development.voicefragment", "pk": 44, "fields": {"parent": 10, "language": 3, "audio": "post_choice_option_fr.wav"}}, {"model": "service_development.voicefragment", "pk": 45, "fields": {"parent": 9, "language": 1, "audio": "pre_choice_option_nl.wav"}}, {"model": "service_development.voicefragment", "pk": 46, "fields": {"parent": 9, "language": 2, "audio": "pre_choice_option_en.wav"}}, {"model": "service_development.voicefragment", "pk": 47, "fields": {"parent": 9, "language": 3, "audio": "pre_choice_option_fr.wav"}}, {"model": "service_development.voicefragment", "pk": 48, "fields": {"parent": 8, "language": 1, "audio": "select_language_nl.wav"}}, {"model": "service_development.voicefragment", "pk": 49, "fields": {"parent": 8, "language": 2, "audio": "select_language_en.wav"}}, {"model": "service_development.voicefragment", "pk": 50, "fields": {"parent": 8, "language": 3, "audio": "select_language_fr.wav"}}, {"model": "service_development.voicefragment", "pk": 51, "fields": {"parent": 7, "language": 1, "audio": "french_nl.wav"}}, {"model": "service_development.voicefragment", "pk": 52, "fields": {"parent": 7, "language": 2, "audio": "french_en.wav"}}, {"model": "service_development.voicefragment", "pk": 53, "fields": {"parent": 7, "language": 3, "audio": "french_fr.wav"}}, {"model": "service_development.voicefragment", "pk": 54, "fields": {"parent": 6, "language": 3, "audio": "boring_guy_fr.wav"}}, {"model": "service_development.voicefragment", "pk": 55, "fields": {"parent": 5, "language": 1, "audio": "thank_you_for_using_nl.wav"}}, {"model": "service_development.voicefragment", "pk": 56, "fields": {"parent": 5, "language": 2, "audio": "thank_you_for_using_en.wav"}}, {"model": "service_development.voicefragment", "pk": 57, "fields": {"parent": 5, "language": 3, "audio": "thank_you_for_using_fr.wav"}}, {"model": "service_development.voicefragment", "pk": 58, "fields": {"parent": 4, "language": 1, "audio": "english_nl.wav"}}, {"model": "service_development.voicefragment", "pk": 59, "fields": {"parent": 4, "language": 2, "audio": "english_en.wav"}}, {"model": "service_development.voicefragment", "pk": 60, "fields": {"parent": 4, "language": 3, "audio": "english_fr.wav"}}, {"model": "service_development.voicefragment", "pk": 61, "fields": {"parent": 3, "language": 1, "audio": "truth_nl.wav"}}, {"model": "service_development.voicefragment", "pk": 62, "fields": {"parent": 3, "language": 2, "audio": "truth_en.wav"}}, {"model": "service_development.voicefragment", "pk": 63, "fields": {"parent": 3, "language": 3, "audio": "truth_fr.wav"}}, {"model": "service_development.voicefragment", "pk": 64, "fields": {"parent": 2, "language": 1, "audio": "error_nl.wav"}}, {"model": "service_development.voicefragment", "pk": 65, "fields": {"parent": 2, "language": 2, "audio": "error_en.wav"}}, {"model": "service_development.voicefragment", "pk": 66, "fields": {"parent": 2, "language": 3, "audio": "error_fr.wav"}}, {"model": "service_development.voicefragment", "pk": 67, "fields": {"parent": 1, "language": 1, "audio": "dutch_nl.wav"}}, {"model": "service_development.voicefragment", "pk": 68, "fields": {"parent": 1, "language": 2, "audio": "dutch_en.wav"}}, {"model": "service_development.voicefragment", "pk": 69, "fields": {"parent": 1, "language": 3, "audio": "dutch_fr.wav"}}, {"model": "service_development.voicefragment", "pk": 70, "fields": {"parent": 23, "language": 1, "audio": "king_question_nl.wav"}}, {"model": "service_development.voicefragment", "pk": 71, "fields": {"parent": 23, "language": 2, "audio": "king_question_en.wav"}}, {"model": "service_development.voicefragment", "pk": 72, "fields": {"parent": 23, "language": 3, "audio": "king_question_fr.wav"}}, {"model": "service_development.voicefragment", "pk": 73, "fields": {"parent": 24, "language": 2, "audio": "welcome_message_english.wav"}}, {"model": "service_development.voicefragment", "pk": 74, "fields": {"parent": 24, "language": 1, "audio": "welcome_message_dutch.wav"}}, {"model": "service_development.voicefragment", "pk": 75, "fields": {"parent": 24, "language": 3, "audio": "welcome_message_french.wav"}}, {"model": "service_development.voicefragment", "pk": 76, "fields": {"parent": 25, "language": 2, "audio": "record_name_english.wav"}}, {"model": "service_development.voicefragment", "pk": 77, "fields": {"parent": 25, "language": 1, "audio": "record_name_dutch.wav"}}, {"model": "service_development.voicefragment", "pk": 78, "fields": {"parent": 25, "language": 3, "audio": "record_name_french.wav"}}, {"model": "service_development.voicefragment", "pk": 79, "fields": {"parent": 26, "language": 2, "audio": "ask_record_name_english.wav"}}, {"model": "service_development.voicefragment", "pk": 80, "fields": {"parent": 26, "language": 1, "audio": "ask_record_name_dutch.wav"}}, {"model": "service_development.voicefragment", "pk": 81, "fields": {"parent": 26, "language": 3, "audio": "ask_record_name_french.wav"}}, {"model": "service_development.voicefragment", "pk": 82, "fields": {"parent": 27, "language": 2, "audio": "record_gender_english.wav"}}, {"model": "service_development.voicefragment", "pk": 83, "fields": {"parent": 27, "language": 1, "audio": "record_gender_dutch.wav"}}, {"model": "service_development.voicefragment", "pk": 84, "fields": {"parent": 27, "language": 3, "audio": "record_gender_french.wav"}}, {"model": "service_development.voicefragment", "pk": 85, "fields": {"parent": 28, "language": 2, "audio": "male_english.wav"}}, {"model": "service_development.voicefragment", "pk": 86, "fields": {"parent": 28, "language": 1, "audio": "male_dutch.wav"}}, {"model": "service_development.voicefragment", "pk": 87, "fields": {"parent": 28, "language": 3, "audio": "male_french.wav"}}, {"model": "service_development.voicefragment", "pk": 88, "fields": {"parent": 29, "language": 2, "audio": "female_english.wav"}}, {"model": "service_development.voicefragment", "pk": 89, "fields": {"parent": 29, "language": 1, "audio": "female_dutch.wav"}}, {"model": "service_development.voicefragment", "pk": 90, "fields": {"parent": 29, "language": 3, "audio": "female_french.wav"}}, {"model": "service_development.voicefragment", "pk": 91, "fields": {"parent": 30, "language": 2, "audio": "skip_gender_english.wav"}}, {"model": "service_development.voicefragment", "pk": 92, "fields": {"parent": 30, "language": 3, "audio": "skip_gender_french.wav"}}, {"model": "service_development.voicefragment", "pk": 93, "fields": {"parent": 30, "language": 1, "audio": "skip_gender_dutch.wav"}}, {"model": "service_development.voicefragment", "pk": 94, "fields": {"parent": 31, "language": 2, "audio": "village_eng.wav"}}, {"model": "service_development.voicefragment", "pk": 95, "fields": {"parent": 31, "language": 1, "audio": "village_dutch.wav"}}, {"model": "service_development.voicefragment", "pk": 96, "fields": {"parent": 31, "language": 3, "audio": "village_french.wav"}}, {"model": "service_development.voicefragment", "pk": 97, "fields": {"parent": 32, "language": 2, "audio": "Your_name_is_english.wav"}}, {"model": "service_development.voicefragment", "pk": 98, "fields": {"parent": 32, "language": 1, "audio": "Your_name_is_dutch.wav"}}, {"model": "service_development.voicefragment", "pk": 99, "fields": {"parent": 32, "language": 3, "audio": "Your_name_is_french.wav"}}, {"model": "service_development.voicefragment", "pk": 100, "fields": {"parent": 33, "language": 2, "audio": "ask_confirmation_english.wav"}}, {"model": "service_development.voicefragment", "pk": 101, "fields": {"parent": 33, "language": 1, "audio": "ask_confirmation_dutch.wav"}}, {"model": "service_development.voicefragment", "pk": 102, "fields": {"parent": 33, "language": 3, "audio": "ask_confirmation_french.wav"}}, {"model": "service_development.voicefragment", "pk": 103, "fields": {"parent": 34, "language": 2, "audio": "recording_saved_english.wav"}}, {"model": "service_development.voicefragment", "pk": 104, "fields": {"parent": 34, "language": 1, "audio": "recording_saved_dutch.wav"}}, {"model": "service_development.voicefragment", "pk": 105, "fields": {"parent": 34, "language": 3, "audio": "recording_saved_french.wav"}}, {"model": "service_development.voicefragment", "pk": 106, "fields": {"parent": 35, "language": 2, "audio": "Your_village_is_english.wav"}}, {"model": "service_development.voicefragment", "pk": 107, "fields": {"parent": 35, "language": 1, "audio": "Your_village_is_dutch.wav"}}, {"model": "service_development.voicefragment", "pk": 108, "fields": {"parent": 35, "language": 3, "audio": "Your_village_is_french.wav"}}, {"model": "service_development.voicefragment", "pk": 109, "fields": {"parent": 36, "language": 2, "audio": "message_eng.wav"}}, {"model": "service_development.voicefragment", "pk": 110, "fields": {"parent": 36, "language": 1, "audio": "message_dutch.wav"}}, {"model": "service_development.voicefragment", "pk": 111, "fields": {"parent": 36, "language": 3, "audio": "message_french.wav"}}, {"model": "service_development.voicefragment", "pk": 112, "fields": {"parent": 37, "language": 2, "audio": "Your_message_is_english.wav"}}, {"model": "service_development.voicefragment", "pk": 113, "fields": {"parent": 37, "language": 1, "audio": "Your_message_is_dutch.wav"}}, {"model": "service_development.voicefragment", "pk": 114, "fields": {"parent": 37, "language": 3, "audio": "Your_message_is_french.wav"}}, {"model": "service_development.voicefragment", "pk": 115, "fields": {"parent": 38, "language": 2, "audio": "Record_another_english.wav"}}, {"model": "service_development.voicefragment", "pk": 116, "fields": {"parent": 38, "language": 1, "audio": "Record_another_dutch.wav"}}, {"model": "service_development.voicefragment", "pk": 117, "fields": {"parent": 38, "language": 3, "audio": "Record_another_french.wav"}}, {"model": "service_development.voiceservicesubelement", "pk": 2, "fields": {"service": 1, "creation_date": "2017-04-23T19:30:23.792Z", "modification_date": "2017-04-23T23:13:42.317Z", "name": "Does the king like to drink beer?", "description": "", "voice_label": 23}}, {"model": "service_development.voiceservicesubelement", "pk": 3, "fields": {"service": 1, "creation_date": "2017-04-23T19:32:07.853Z", "modification_date": "2017-04-23T22:51:29.350Z", "name": "Yes", "description": "King <3's BEER", "voice_label": 21}}, {"model": "service_development.voiceservicesubelement", "pk": 4, "fields": {"service": 1, "creation_date": "2017-04-23T19:32:07.854Z", "modification_date": "2017-04-23T22:51:29.352Z", "name": "No", "description": "", "voice_label": 22}}, {"model": "service_development.voiceservicesubelement", "pk": 5, "fields": {"service": 1, "creation_date": "2017-04-23T19:49:50.055Z", "modification_date": "2017-04-23T21:17:07.984Z", "name": "This is the truth", "description": "", "voice_label": 3}}, {"model": "service_development.voiceservicesubelement", "pk": 6, "fields": {"service": 1, "creation_date": "2017-04-23T21:11:06.805Z", "modification_date": "2017-04-23T21:33:29.853Z", "name": "Thank you for using this service", "description": "", "voice_label": 5}}, {"model": "service_development.voiceservicesubelement", "pk": 7, "fields": {"service": 1, "creation_date": "2017-04-23T21:36:55.756Z", "modification_date": "2017-04-23T21:36:55.756Z", "name": "King is boring", "description": "", "voice_label": 6}}, {"model": "service_development.voiceservicesubelement", "pk": 8, "fields": {"service": 2, "creation_date": "2017-05-03T18:24:50.546Z", "modification_date": "2017-05-03T18:24:50.546Z", "name": "Welcome message_presentation", "description": "Welcome message_presentation", "voice_label": 24}}, {"model": "service_development.voiceservicesubelement", "pk": 9, "fields": {"service": 2, "creation_date": "2017-05-03T18:26:00.628Z", "modification_date": "2017-05-03T19:39:28.228Z", "name": "Select Gender_choice", "description": "Select Gender_choice", "voice_label": 27}}, {"model": "service_development.voiceservicesubelement", "pk": 10, "fields": {"service": 2, "creation_date": "2017-05-03T18:26:00.632Z", "modification_date": "2017-05-03T19:39:28.231Z", "name": "Male", "description": "", "voice_label": 28}}, {"model": "service_development.voiceservicesubelement", "pk": 11, "fields": {"service": 2, "creation_date": "2017-05-03T18:26:00.633Z", "modification_date": "2017-05-03T19:39:28.232Z", "name": "Female", "description": "", "voice_label": 29}}, {"model": "service_development.voiceservicesubelement", "pk": 12, "fields": {"service": 2, "creation_date": "2017-05-03T18:26:00.635Z", "modification_date": "2017-05-03T19:39:28.233Z", "name": "skip", "description": "", "voice_label": 30}}, {"model": "service_development.voiceservicesubelement", "pk": 13, "fields": {"service": 2, "creation_date": "2017-05-03T18:27:58.695Z", "modification_date": "2017-05-03T21:34:10.469Z", "name": "Ask if record name_choice", "description": "Ask if record name_choice", "voice_label": 26}}, {"model": "service_development.voiceservicesubelement", "pk": 14, "fields": {"service": 2, "creation_date": "2017-05-03T18:30:44.900Z", "modification_date": "2017-05-03T19:38:16.783Z", "name": "Yes", "description": "Yes", "voice_label": 21}}, {"model": "service_development.voiceservicesubelement", "pk": 15, "fields": {"service": 2, "creation_date": "2017-05-03T18:30:44.903Z", "modification_date": "2017-05-03T19:38:16.785Z", "name": "No", "description": "No", "voice_label": 22}}, {"model": "service_development.voiceservicesubelement", "pk": 16, "fields": {"service": 2, "creation_date": "2017-05-03T19:29:40.078Z", "modification_date": "2017-05-03T19:29:40.078Z", "name": "Record village name_presentation", "description": "record village name", "voice_label": 31}}, {"model": "service_development.voiceservicesubelement", "pk": 17, "fields": {"service": 2, "creation_date": "2017-05-03T19:30:54.707Z", "modification_date": "2017-05-03T20:23:15.399Z", "name": "Record Name_DB", "description": "Record name", "voice_label": 25}}, {"model": "service_development.voiceservicesubelement", "pk": 18, "fields": {"service": 2, "creation_date": "2017-05-03T20:24:30.796Z", "modification_date": "2017-05-03T20:45:46.531Z", "name": "Record Village_DB", "description": "Record Village DB", "voice_label": 31}}, {"model": "service_development.voiceservicesubelement", "pk": 19, "fields": {"service": 2, "creation_date": "2017-05-03T20:43:45.495Z", "modification_date": "2017-05-03T21:35:04.239Z", "name": "Record Message_DB", "description": "Record message", "voice_label": 36}}, {"model": "service_development.voiceservicesubelement", "pk": 20, "fields": {"service": 2, "creation_date": "2017-05-03T21:32:55.783Z", "modification_date": "2017-05-03T21:35:22.725Z", "name": "Ask record another message_choice", "description": "Ask record another message", "voice_label": 38}}, {"model": "service_development.voiceservicesubelement", "pk": 21, "fields": {"service": 2, "creation_date": "2017-05-03T21:32:55.793Z", "modification_date": "2017-05-03T21:34:32.154Z", "name": "Yes", "description": "Yes", "voice_label": 21}}, {"model": "service_development.voiceservicesubelement", "pk": 22, "fields": {"service": 2, "creation_date": "2017-05-03T21:32:55.796Z", "modification_date": "2017-05-03T21:34:32.156Z", "name": "No", "description": "No", "voice_label": 22}}, {"model": "service_development.voiceserviceelement", "pk": 2, "fields": {}}, {"model": "service_development.voiceserviceelement", "pk": 5, "fields": {}}, {"model": "service_development.voiceserviceelement", "pk": 6, "fields": {}}, {"model": "service_development.voiceserviceelement", "pk": 7, "fields": {}}, {"model": "service_development.voiceserviceelement", "pk": 8, "fields": {}}, {"model": "service_development.voiceserviceelement", "pk": 9, "fields": {}}, {"model": "service_development.voiceserviceelement", "pk": 13, "fields": {}}, {"model": "service_development.voiceserviceelement", "pk": 16, "fields": {}}, {"model": "service_development.voiceserviceelement", "pk": 17, "fields": {}}, {"model": "service_development.voiceserviceelement", "pk": 18, "fields": {}}, {"model": "service_development.voiceserviceelement", "pk": 19, "fields": {}}, {"model": "service_development.voiceserviceelement", "pk": 20, "fields": {}}, {"model": "service_development.voiceservice", "pk": 1, "fields": {"name": "King's truth checker", "description": "Checks the user's knowledge about the king of the Netherlands", "creation_date": "2017-04-23T19:23:52.392Z", "modification_date": "2017-04-23T23:19:18.069Z", "active": true, "_start_element": 2, "requires_registration": false, "supported_languages": [1, 2, 3]}}, {"model": "service_development.voiceservice", "pk": 2, "fields": {"name": "Foroba blon caller", "description": "Foroba blon caller", "creation_date": "2017-05-03T18:24:14.670Z", "modification_date": "2017-05-03T18:24:14.670Z", "active": false, "_start_element": 5, "requires_registration": false, "supported_languages": [1, 2, 3]}}, {"model": "service_development.choice", "pk": 2, "fields": {}}, {"model": "service_development.choice", "pk": 9, "fields": {}}, {"model": "service_development.choice", "pk": 13, "fields": {}}, {"model": "service_development.choice", "pk": 20, "fields": {}}, {"model": "service_development.choiceoption", "pk": 3, "fields": {"parent": 2, "_redirect": 5}}, {"model": "service_development.choiceoption", "pk": 4, "fields": {"parent": 2, "_redirect": 7}}, {"model": "service_development.choiceoption", "pk": 10, "fields": {"parent": 9, "_redirect": 16}}, {"model": "service_development.choiceoption", "pk": 11, "fields": {"parent": 9, "_redirect": 16}}, {"model": "service_development.choiceoption", "pk": 12, "fields": {"parent": 9, "_redirect": 16}}, {"model": "service_development.choiceoption", "pk": 14, "fields": {"parent": 13, "_redirect": 17}}, {"model": "service_development.choiceoption", "pk": 15, "fields": {"parent": 13, "_redirect": 9}}, {"model": "service_development.choiceoption", "pk": 21, "fields": {"parent": 20, "_redirect": 19}}, {"model": "service_development.choiceoption", "pk": 22, "fields": {"parent": 20, "_redirect": 6}}, {"model": "service_development.messagepresentation", "pk": 5, "fields": {"final_element": false, "_redirect": 6}}, {"model": "service_development.messagepresentation", "pk": 6, "fields": {"final_element": true, "_redirect": null}}, {"model": "service_development.messagepresentation", "pk": 7, "fields": {"final_element": false, "_redirect": 6}}, {"model": "service_development.messagepresentation", "pk": 8, "fields": {"final_element": false, "_redirect": 6}}, {"model": "service_development.messagepresentation", "pk": 16, "fields": {"final_element": false, "_redirect": 6}}, {"model": "service_development.record", "pk": 17, "fields": {"not_heard_voice_label": null, "barge_in": true, "repeat_recording_to_caller": true, "repeat_voice_label": 32, "ask_confirmation": true, "ask_confirmation_voice_label": 33, "final_voice_label": 34, "_redirect": 9}}, {"model": "service_development.record", "pk": 18, "fields": {"not_heard_voice_label": null, "barge_in": true, "repeat_recording_to_caller": true, "repeat_voice_label": 35, "ask_confirmation": true, "ask_confirmation_voice_label": 33, "final_voice_label": 34, "_redirect": 19}}, {"model": "service_development.record", "pk": 19, "fields": {"not_heard_voice_label": null, "barge_in": true, "repeat_recording_to_caller": true, "repeat_voice_label": 37, "ask_confirmation": true, "ask_confirmation_voice_label": 33, "final_voice_label": 34, "_redirect": 20}}, {"model": "contenttypes.contenttype", "pk": 1, "fields": {"app_label": "service_development", "model": "voicelabel"}}, {"model": "contenttypes.contenttype", "pk": 2, "fields": {"app_label": "service_development", "model": "voiceservice"}}, {"model": "contenttypes.contenttype", "pk": 3, "fields": {"app_label": "service_development", "model": "result"}}, {"model": "contenttypes.contenttype", "pk": 4, "fields": {"app_label": "service_development", "model": "voiceservicesubelement"}}, {"model": "contenttypes.contenttype", "pk": 5, "fields": {"app_label": "service_development", "model": "language"}}, {"model": "contenttypes.contenttype", "pk": 6, "fields": {"app_label": "service_development", "model": "callsession"}}, {"model": "contenttypes.contenttype", "pk": 7, "fields": {"app_label": "service_development", "model": "callsessionstep"}}, {"model": "contenttypes.contenttype", "pk": 8, "fields": {"app_label": "service_development", "model": "choiceoption"}}, {"model": "contenttypes.contenttype", "pk": 9, "fields": {"app_label": "service_development", "model": "voicefragment"}}, {"model": "contenttypes.contenttype", "pk": 10, "fields": {"app_label": "service_development", "model": "kasadakauser"}}, {"model": "contenttypes.contenttype", "pk": 11, "fields": {"app_label": "service_development", "model": "voiceserviceelement"}}, {"model": "contenttypes.contenttype", "pk": 12, "fields": {"app_label": "service_development", "model": "choice"}}, {"model": "contenttypes.contenttype", "pk": 13, "fields": {"app_label": "service_development", "model": "record"}}, {"model": "contenttypes.contenttype", "pk": 14, "fields": {"app_label": "service_development", "model": "messagepresentation"}}, {"model": "contenttypes.contenttype", "pk": 15, "fields": {"app_label": "admin", "model": "logentry"}}, {"model": "contenttypes.contenttype", "pk": 16, "fields": {"app_label": "auth", "model": "group"}}, {"model": "contenttypes.contenttype", "pk": 17, "fields": {"app_label": "auth", "model": "permission"}}, {"model": "contenttypes.contenttype", "pk": 18, "fields": {"app_label": "auth", "model": "user"}}, {"model": "contenttypes.contenttype", "pk": 19, "fields": {"app_label": "contenttypes", "model": "contenttype"}}, {"model": "contenttypes.contenttype", "pk": 20, "fields": {"app_label": "sessions", "model": "session"}}, {"model": "sessions.session", "pk": "mcrlqf22k61hx8kuza321wuuokf9l8gv", "fields": {"session_data": "MzNlZDI1N2MxZmNlNzQyNzQ2NGEzOTMyZDI5Njg3YjQ1NjZlYjQyOTp7Il9hdXRoX3VzZXJfaWQiOiIxIiwiX2F1dGhfdXNlcl9iYWNrZW5kIjoiZGphbmdvLmNvbnRyaWIuYXV0aC5iYWNrZW5kcy5Nb2RlbEJhY2tlbmQiLCJfYXV0aF91c2VyX2hhc2giOiI2MGU5YjNmZjgzZTlhNzkwNDNiNzk3MTg2ZTYyOGYyNGJiM2M2MjUyIn0=", "expire_date": "2017-05-16T22:49:55.044Z"}}, {"model": "auth.permission", "pk": 1, "fields": {"name": "Can add voice label", "content_type": 1, "codename": "add_voicelabel"}}, {"model": "auth.permission", "pk": 2, "fields": {"name": "Can change voice label", "content_type": 1, "codename": "change_voicelabel"}}, {"model": "auth.permission", "pk": 3, "fields": {"name": "Can delete voice label", "content_type": 1, "codename": "delete_voicelabel"}}, {"model": "auth.permission", "pk": 4, "fields": {"name": "Can add voice service", "content_type": 2, "codename": "add_voiceservice"}}, {"model": "auth.permission", "pk": 5, "fields": {"name": "Can change voice service", "content_type": 2, "codename": "change_voiceservice"}}, {"model": "auth.permission", "pk": 6, "fields": {"name": "Can delete voice service", "content_type": 2, "codename": "delete_voiceservice"}}, {"model": "auth.permission", "pk": 7, "fields": {"name": "Can add result", "content_type": 3, "codename": "add_result"}}, {"model": "auth.permission", "pk": 8, "fields": {"name": "Can change result", "content_type": 3, "codename": "change_result"}}, {"model": "auth.permission", "pk": 9, "fields": {"name": "Can delete result", "content_type": 3, "codename": "delete_result"}}, {"model": "auth.permission", "pk": 10, "fields": {"name": "Can add voice service sub element", "content_type": 4, "codename": "add_voiceservicesubelement"}}, {"model": "auth.permission", "pk": 11, "fields": {"name": "Can change voice service sub element", "content_type": 4, "codename": "change_voiceservicesubelement"}}, {"model": "auth.permission", "pk": 12, "fields": {"name": "Can delete voice service sub element", "content_type": 4, "codename": "delete_voiceservicesubelement"}}, {"model": "auth.permission", "pk": 13, "fields": {"name": "Can add language", "content_type": 5, "codename": "add_language"}}, {"model": "auth.permission", "pk": 14, "fields": {"name": "Can change language", "content_type": 5, "codename": "change_language"}}, {"model": "auth.permission", "pk": 15, "fields": {"name": "Can delete language", "content_type": 5, "codename": "delete_language"}}, {"model": "auth.permission", "pk": 16, "fields": {"name": "Can add call session", "content_type": 6, "codename": "add_callsession"}}, {"model": "auth.permission", "pk": 17, "fields": {"name": "Can change call session", "content_type": 6, "codename": "change_callsession"}}, {"model": "auth.permission", "pk": 18, "fields": {"name": "Can delete call session", "content_type": 6, "codename": "delete_callsession"}}, {"model": "auth.permission", "pk": 19, "fields": {"name": "Can add call session step", "content_type": 7, "codename": "add_callsessionstep"}}, {"model": "auth.permission", "pk": 20, "fields": {"name": "Can change call session step", "content_type": 7, "codename": "change_callsessionstep"}}, {"model": "auth.permission", "pk": 21, "fields": {"name": "Can delete call session step", "content_type": 7, "codename": "delete_callsessionstep"}}, {"model": "auth.permission", "pk": 22, "fields": {"name": "Can add choice option", "content_type": 8, "codename": "add_choiceoption"}}, {"model": "auth.permission", "pk": 23, "fields": {"name": "Can change choice option", "content_type": 8, "codename": "change_choiceoption"}}, {"model": "auth.permission", "pk": 24, "fields": {"name": "Can delete choice option", "content_type": 8, "codename": "delete_choiceoption"}}, {"model": "auth.permission", "pk": 25, "fields": {"name": "Can add voice fragment", "content_type": 9, "codename": "add_voicefragment"}}, {"model": "auth.permission", "pk": 26, "fields": {"name": "Can change voice fragment", "content_type": 9, "codename": "change_voicefragment"}}, {"model": "auth.permission", "pk": 27, "fields": {"name": "Can delete voice fragment", "content_type": 9, "codename": "delete_voicefragment"}}, {"model": "auth.permission", "pk": 28, "fields": {"name": "Can add kasa daka user", "content_type": 10, "codename": "add_kasadakauser"}}, {"model": "auth.permission", "pk": 29, "fields": {"name": "Can change kasa daka user", "content_type": 10, "codename": "change_kasadakauser"}}, {"model": "auth.permission", "pk": 30, "fields": {"name": "Can delete kasa daka user", "content_type": 10, "codename": "delete_kasadakauser"}}, {"model": "auth.permission", "pk": 31, "fields": {"name": "Can add voice service element", "content_type": 11, "codename": "add_voiceserviceelement"}}, {"model": "auth.permission", "pk": 32, "fields": {"name": "Can change voice service element", "content_type": 11, "codename": "change_voiceserviceelement"}}, {"model": "auth.permission", "pk": 33, "fields": {"name": "Can delete voice service element", "content_type": 11, "codename": "delete_voiceserviceelement"}}, {"model": "auth.permission", "pk": 34, "fields": {"name": "Can add choice", "content_type": 12, "codename": "add_choice"}}, {"model": "auth.permission", "pk": 35, "fields": {"name": "Can change choice", "content_type": 12, "codename": "change_choice"}}, {"model": "auth.permission", "pk": 36, "fields": {"name": "Can delete choice", "content_type": 12, "codename": "delete_choice"}}, {"model": "auth.permission", "pk": 37, "fields": {"name": "Can add record", "content_type": 13, "codename": "add_record"}}, {"model": "auth.permission", "pk": 38, "fields": {"name": "Can change record", "content_type": 13, "codename": "change_record"}}, {"model": "auth.permission", "pk": 39, "fields": {"name": "Can delete record", "content_type": 13, "codename": "delete_record"}}, {"model": "auth.permission", "pk": 40, "fields": {"name": "Can add message presentation", "content_type": 14, "codename": "add_messagepresentation"}}, {"model": "auth.permission", "pk": 41, "fields": {"name": "Can change message presentation", "content_type": 14, "codename": "change_messagepresentation"}}, {"model": "auth.permission", "pk": 42, "fields": {"name": "Can delete message presentation", "content_type": 14, "codename": "delete_messagepresentation"}}, {"model": "auth.permission", "pk": 43, "fields": {"name": "Can add log entry", "content_type": 15, "codename": "add_logentry"}}, {"model": "auth.permission", "pk": 44, "fields": {"name": "Can change log entry", "content_type": 15, "codename": "change_logentry"}}, {"model": "auth.permission", "pk": 45, "fields": {"name": "Can delete log entry", "content_type": 15, "codename": "delete_logentry"}}, {"model": "auth.permission", "pk": 46, "fields": {"name": "Can add group", "content_type": 16, "codename": "add_group"}}, {"model": "auth.permission", "pk": 47, "fields": {"name": "Can change group", "content_type": 16, "codename": "change_group"}}, {"model": "auth.permission", "pk": 48, "fields": {"name": "Can delete group", "content_type": 16, "codename": "delete_group"}}, {"model": "auth.permission", "pk": 49, "fields": {"name": "Can add permission", "content_type": 17, "codename": "add_permission"}}, {"model": "auth.permission", "pk": 50, "fields": {"name": "Can change permission", "content_type": 17, "codename": "change_permission"}}, {"model": "auth.permission", "pk": 51, "fields": {"name": "Can delete permission", "content_type": 17, "codename": "delete_permission"}}, {"model": "auth.permission", "pk": 52, "fields": {"name": "Can add user", "content_type": 18, "codename": "add_user"}}, {"model": "auth.permission", "pk": 53, "fields": {"name": "Can change user", "content_type": 18, "codename": "change_user"}}, {"model": "auth.permission", "pk": 54, "fields": {"name": "Can delete user", "content_type": 18, "codename": "delete_user"}}, {"model": "auth.permission", "pk": 55, "fields": {"name": "Can add content type", "content_type": 19, "codename": "add_contenttype"}}, {"model": "auth.permission", "pk": 56, "fields": {"name": "Can change content type", "content_type": 19, "codename": "change_contenttype"}}, {"model": "auth.permission", "pk": 57, "fields": {"name": "Can delete content type", "content_type": 19, "codename": "delete_contenttype"}}, {"model": "auth.permission", "pk": 58, "fields": {"name": "Can add session", "content_type": 20, "codename": "add_session"}}, {"model": "auth.permission", "pk": 59, "fields": {"name": "Can change session", "content_type": 20, "codename": "change_session"}}, {"model": "auth.permission", "pk": 60, "fields": {"name": "Can delete session", "content_type": 20, "codename": "delete_session"}}, {"model": "auth.user", "pk": 1, "fields": {"password": "pbkdf2_sha256$30000$jzYeBHxl1seR$H7bwiHxfTKeqqQe8OneOVfX7TYMu9plY+h0MuLPrtg4=", "last_login": "2017-05-02T22:49:55.016Z", "is_superuser": true, "username": "pauline", "first_name": "", "last_name": "", "email": "siaws2001@hotmail.com", "is_staff": true, "is_active": true, "date_joined": "2017-05-02T22:49:04.204Z", "groups": [], "user_permissions": []}}, {"model": "admin.logentry", "pk": 1, "fields": {"action_time": "2017-05-03T18:18:43.351Z", "user": 1, "content_type": 1, "object_id": "24", "object_repr": "Voice Label: Welcome message", "action_flag": 1, "change_message": "[{\"added\": {}}, {\"added\": {\"name\": \"voice fragment\", \"object\": \"Voice Fragment: (English) Welcome message\"}}, {\"added\": {\"name\": \"voice fragment\", \"object\": \"Voice Fragment: (Nederlands) Welcome message\"}}, {\"added\": {\"name\": \"voice fragment\", \"object\": \"Voice Fragment: (French) Welcome message\"}}]"}}, {"model": "admin.logentry", "pk": 2, "fields": {"action_time": "2017-05-03T18:19:59.367Z", "user": 1, "content_type": 1, "object_id": "25", "object_repr": "Voice Label: Record Name", "action_flag": 1, "change_message": "[{\"added\": {}}, {\"added\": {\"name\": \"voice fragment\", \"object\": \"Voice Fragment: (English) Record Name\"}}, {\"added\": {\"name\": \"voice fragment\", \"object\": \"Voice Fragment: (Nederlands) Record Name\"}}, {\"added\": {\"name\": \"voice fragment\", \"object\": \"Voice Fragment: (French) Record Name\"}}]"}}, {"model": "admin.logentry", "pk": 3, "fields": {"action_time": "2017-05-03T18:20:27.805Z", "user": 1, "content_type": 1, "object_id": "24", "object_repr": "Voice Label: Welcome message", "action_flag": 2, "change_message": "[]"}}, {"model": "admin.logentry", "pk": 4, "fields": {"action_time": "2017-05-03T18:21:21.866Z", "user": 1, "content_type": 1, "object_id": "26", "object_repr": "Voice Label: Ask if record name_choice", "action_flag": 1, "change_message": "[{\"added\": {}}, {\"added\": {\"name\": \"voice fragment\", \"object\": \"Voice Fragment: (English) Ask if record name_choice\"}}, {\"added\": {\"name\": \"voice fragment\", \"object\": \"Voice Fragment: (Nederlands) Ask if record name_choice\"}}, {\"added\": {\"name\": \"voice fragment\", \"object\": \"Voice Fragment: (French) Ask if record name_choice\"}}]"}}, {"model": "admin.logentry", "pk": 5, "fields": {"action_time": "2017-05-03T18:21:35.824Z", "user": 1, "content_type": 1, "object_id": "26", "object_repr": "Voice Label: Ask if record name_choice", "action_flag": 2, "change_message": "[]"}}, {"model": "admin.logentry", "pk": 6, "fields": {"action_time": "2017-05-03T18:22:17.425Z", "user": 1, "content_type": 1, "object_id": "27", "object_repr": "Voice Label: Ask for gender", "action_flag": 1, "change_message": "[{\"added\": {}}, {\"added\": {\"name\": \"voice fragment\", \"object\": \"Voice Fragment: (English) Ask for gender\"}}, {\"added\": {\"name\": \"voice fragment\", \"object\": \"Voice Fragment: (Nederlands) Ask for gender\"}}, {\"added\": {\"name\": \"voice fragment\", \"object\": \"Voice Fragment: (French) Ask for gender\"}}]"}}, {"model": "admin.logentry", "pk": 7, "fields": {"action_time": "2017-05-03T18:24:14.687Z", "user": 1, "content_type": 2, "object_id": "2", "object_repr": "Voice Service: Foroba blon caller", "action_flag": 1, "change_message": "[{\"added\": {}}]"}}, {"model": "admin.logentry", "pk": 8, "fields": {"action_time": "2017-05-03T18:24:50.557Z", "user": 1, "content_type": 14, "object_id": "8", "object_repr": "Message: Welcome message_presentation", "action_flag": 1, "change_message": "[{\"added\": {}}]"}}, {"model": "admin.logentry", "pk": 9, "fields": {"action_time": "2017-05-03T18:26:00.636Z", "user": 1, "content_type": 12, "object_id": "9", "object_repr": "Select Gender_choice", "action_flag": 1, "change_message": "[{\"added\": {}}, {\"added\": {\"name\": \"choice option\", \"object\": \"(Select Gender_choice): Male\"}}, {\"added\": {\"name\": \"choice option\", \"object\": \"(Select Gender_choice): Female\"}}, {\"added\": {\"name\": \"choice option\", \"object\": \"(Select Gender_choice): skip\"}}]"}}, {"model": "admin.logentry", "pk": 10, "fields": {"action_time": "2017-05-03T18:27:58.701Z", "user": 1, "content_type": 12, "object_id": "13", "object_repr": "Ask if record name_choice", "action_flag": 1, "change_message": "[{\"added\": {}}]"}}, {"model": "admin.logentry", "pk": 11, "fields": {"action_time": "2017-05-03T18:29:24.537Z", "user": 1, "content_type": 1, "object_id": "26", "object_repr": "Voice Label: Ask if record name", "action_flag": 2, "change_message": "[{\"changed\": {\"fields\": [\"name\", \"description\"]}}]"}}, {"model": "admin.logentry", "pk": 12, "fields": {"action_time": "2017-05-03T18:29:33.858Z", "user": 1, "content_type": 1, "object_id": "26", "object_repr": "Voice Label: Ask if record name", "action_flag": 2, "change_message": "[]"}}, {"model": "admin.logentry", "pk": 13, "fields": {"action_time": "2017-05-03T18:30:44.904Z", "user": 1, "content_type": 12, "object_id": "13", "object_repr": "Ask if record name_choice", "action_flag": 2, "change_message": "[{\"changed\": {\"fields\": [\"voice_label\"]}}, {\"added\": {\"name\": \"choice option\", \"object\": \"(Ask if record name_choice): Yes\"}}, {\"added\": {\"name\": \"choice option\", \"object\": \"(Ask if record name_choice): No\"}}]"}}, {"model": "admin.logentry", "pk": 14, "fields": {"action_time": "2017-05-03T18:31:30.208Z", "user": 1, "content_type": 12, "object_id": "13", "object_repr": "Ask if record name_choice", "action_flag": 2, "change_message": "[{\"changed\": {\"name\": \"choice option\", \"object\": \"(Ask if record name_choice): Yes\", \"fields\": [\"description\", \"_redirect\"]}}, {\"changed\": {\"name\": \"choice option\", \"object\": \"(Ask if record name_choice): No\", \"fields\": [\"description\", \"_redirect\"]}}]"}}, {"model": "admin.logentry", "pk": 15, "fields": {"action_time": "2017-05-03T18:36:03.580Z", "user": 1, "content_type": 1, "object_id": "27", "object_repr": "Voice Label: Ask for gender", "action_flag": 2, "change_message": "[{\"changed\": {\"name\": \"voice fragment\", \"object\": \"Voice Fragment: (English) Ask for gender\", \"fields\": [\"audio\"]}}]"}}, {"model": "admin.logentry", "pk": 16, "fields": {"action_time": "2017-05-03T18:37:34.079Z", "user": 1, "content_type": 1, "object_id": "27", "object_repr": "Voice Label: Ask for gender", "action_flag": 2, "change_message": "[{\"changed\": {\"name\": \"voice fragment\", \"object\": \"Voice Fragment: (English) Ask for gender\", \"fields\": [\"audio\"]}}]"}}, {"model": "admin.logentry", "pk": 17, "fields": {"action_time": "2017-05-03T18:39:05.930Z", "user": 1, "content_type": 1, "object_id": "27", "object_repr": "Voice Label: Ask for gender", "action_flag": 2, "change_message": "[{\"changed\": {\"name\": \"voice fragment\", \"object\": \"Voice Fragment: (Nederlands) Ask for gender\", \"fields\": [\"audio\"]}}]"}}, {"model": "admin.logentry", "pk": 18, "fields": {"action_time": "2017-05-03T18:39:43.948Z", "user": 1, "content_type": 1, "object_id": "27", "object_repr": "Voice Label: Ask for gender", "action_flag": 2, "change_message": "[{\"changed\": {\"name\": \"voice fragment\", \"object\": \"Voice Fragment: (Nederlands) Ask for gender\", \"fields\": [\"audio\"]}}]"}}, {"model": "admin.logentry", "pk": 19, "fields": {"action_time": "2017-05-03T18:39:54.522Z", "user": 1, "content_type": 1, "object_id": "27", "object_repr": "Voice Label: Ask for gender", "action_flag": 2, "change_message": "[{\"changed\": {\"name\": \"voice fragment\", \"object\": \"Voice Fragment: (Nederlands) Ask for gender\", \"fields\": [\"audio\"]}}]"}}, {"model": "admin.logentry", "pk": 20, "fields": {"action_time": "2017-05-03T18:40:42.608Z", "user": 1, "content_type": 1, "object_id": "27", "object_repr": "Voice Label: Ask for gender", "action_flag": 2, "change_message": "[{\"changed\": {\"name\": \"voice fragment\", \"object\": \"Voice Fragment: (Nederlands) Ask for gender\", \"fields\": [\"audio\"]}}]"}}, {"model": "admin.logentry", "pk": 21, "fields": {"action_time": "2017-05-03T18:41:07.023Z", "user": 1, "content_type": 1, "object_id": "27", "object_repr": "Voice Label: Ask for gender", "action_flag": 2, "change_message": "[{\"changed\": {\"name\": \"voice fragment\", \"object\": \"Voice Fragment: (Nederlands) Ask for gender\", \"fields\": [\"audio\"]}}]"}}, {"model": "admin.logentry", "pk": 22, "fields": {"action_time": "2017-05-03T18:43:36.533Z", "user": 1, "content_type": 1, "object_id": "27", "object_repr": "Voice Label: Ask for gender", "action_flag": 2, "change_message": "[{\"changed\": {\"name\": \"voice fragment\", \"object\": \"Voice Fragment: (French) Ask for gender\", \"fields\": [\"audio\"]}}]"}}, {"model": "admin.logentry", "pk": 23, "fields": {"action_time": "2017-05-03T18:45:31.257Z", "user": 1, "content_type": 1, "object_id": "28", "object_repr": "Voice Label: Male", "action_flag": 1, "change_message": "[{\"added\": {}}, {\"added\": {\"name\": \"voice fragment\", \"object\": \"Voice Fragment: (English) Male\"}}, {\"added\": {\"name\": \"voice fragment\", \"object\": \"Voice Fragment: (Nederlands) Male\"}}, {\"added\": {\"name\": \"voice fragment\", \"object\": \"Voice Fragment: (French) Male\"}}]"}}, {"model": "admin.logentry", "pk": 24, "fields": {"action_time": "2017-05-03T18:46:13.387Z", "user": 1, "content_type": 1, "object_id": "29", "object_repr": "Voice Label: Female", "action_flag": 1, "change_message": "[{\"added\": {}}, {\"added\": {\"name\": \"voice fragment\", \"object\": \"Voice Fragment: (English) Female\"}}, {\"added\": {\"name\": \"voice fragment\", \"object\": \"Voice Fragment: (Nederlands) Female\"}}, {\"added\": {\"name\": \"voice fragment\", \"object\": \"Voice Fragment: (French) Female\"}}]"}}, {"model": "admin.logentry", "pk": 25, "fields": {"action_time": "2017-05-03T18:58:13.188Z", "user": 1, "content_type": 1, "object_id": "30", "object_repr": "Voice Label: Skip select gender", "action_flag": 1, "change_message": "[{\"added\": {}}, {\"added\": {\"name\": \"voice fragment\", \"object\": \"Voice Fragment: (English) Skip select gender\"}}, {\"added\": {\"name\": \"voice fragment\", \"object\": \"Voice Fragment: (French) Skip select gender\"}}]"}}, {"model": "admin.logentry", "pk": 26, "fields": {"action_time": "2017-05-03T19:00:19.200Z", "user": 1, "content_type": 1, "object_id": "30", "object_repr": "Voice Label: Skip select gender", "action_flag": 2, "change_message": "[{\"added\": {\"name\": \"voice fragment\", \"object\": \"Voice Fragment: (English) Skip select gender\"}}]"}}, {"model": "admin.logentry", "pk": 27, "fields": {"action_time": "2017-05-03T19:00:31.178Z", "user": 1, "content_type": 1, "object_id": "30", "object_repr": "Voice Label: Skip select gender", "action_flag": 2, "change_message": "[{\"changed\": {\"name\": \"voice fragment\", \"object\": \"Voice Fragment: (English) Skip select gender\", \"fields\": [\"audio\"]}}]"}}, {"model": "admin.logentry", "pk": 28, "fields": {"action_time": "2017-05-03T19:01:23.095Z", "user": 1, "content_type": 12, "object_id": "9", "object_repr": "Select Gender_choice", "action_flag": 2, "change_message": "[{\"changed\": {\"name\": \"choice option\", \"object\": \"(Select Gender_choice): Male\", \"fields\": [\"voice_label\"]}}, {\"changed\": {\"name\": \"choice option\", \"object\": \"(Select Gender_choice): Female\", \"fields\": [\"voice_label\"]}}, {\"changed\": {\"name\": \"choice option\", \"object\": \"(Select Gender_choice): skip\", \"fields\": [\"voice_label\"]}}]"}}, {"model": "admin.logentry", "pk": 29, "fields": {"action_time": "2017-05-03T19:27:02.061Z", "user": 1, "content_type": 1, "object_id": "30", "object_repr": "Voice Label: Skip select gender", "action_flag": 2, "change_message": "[{\"changed\": {\"name\": \"voice fragment\", \"object\": \"Voice Fragment: (Nederlands) Skip select gender\", \"fields\": [\"language\"]}}]"}}, {"model": "admin.logentry", "pk": 30, "fields": {"action_time": "2017-05-03T19:28:48.220Z", "user": 1, "content_type": 1, "object_id": "31", "object_repr": "Voice Label: Record village name", "action_flag": 1, "change_message": "[{\"added\": {}}, {\"added\": {\"name\": \"voice fragment\", \"object\": \"Voice Fragment: (English) Record village name\"}}, {\"added\": {\"name\": \"voice fragment\", \"object\": \"Voice Fragment: (Nederlands) Record village name\"}}, {\"added\": {\"name\": \"voice fragment\", \"object\": \"Voice Fragment: (French) Record village name\"}}]"}}, {"model": "admin.logentry", "pk": 31, "fields": {"action_time": "2017-05-03T19:29:40.082Z", "user": 1, "content_type": 14, "object_id": "16", "object_repr": "Message: Record village name_presentation", "action_flag": 1, "change_message": "[{\"added\": {}}]"}}, {"model": "admin.logentry", "pk": 32, "fields": {"action_time": "2017-05-03T19:30:54.779Z", "user": 1, "content_type": 13, "object_id": "17", "object_repr": "Record: Record Name_DB", "action_flag": 1, "change_message": "[{\"added\": {}}]"}}, {"model": "admin.logentry", "pk": 33, "fields": {"action_time": "2017-05-03T19:31:28.529Z", "user": 1, "content_type": 13, "object_id": "17", "object_repr": "Record: Record Name_DB", "action_flag": 2, "change_message": "[]"}}, {"model": "admin.logentry", "pk": 34, "fields": {"action_time": "2017-05-03T19:35:45.961Z", "user": 1, "content_type": 1, "object_id": "25", "object_repr": "Voice Label: Record Name", "action_flag": 2, "change_message": "[{\"changed\": {\"name\": \"voice fragment\", \"object\": \"Voice Fragment: (English) Record Name\", \"fields\": [\"audio\"]}}]"}}, {"model": "admin.logentry", "pk": 35, "fields": {"action_time": "2017-05-03T19:36:21.908Z", "user": 1, "content_type": 1, "object_id": "25", "object_repr": "Voice Label: Record Name", "action_flag": 2, "change_message": "[{\"changed\": {\"name\": \"voice fragment\", \"object\": \"Voice Fragment: (English) Record Name\", \"fields\": [\"audio\"]}}]"}}, {"model": "admin.logentry", "pk": 36, "fields": {"action_time": "2017-05-03T19:38:16.786Z", "user": 1, "content_type": 12, "object_id": "13", "object_repr": "Ask if record name_choice", "action_flag": 2, "change_message": "[{\"changed\": {\"name\": \"choice option\", \"object\": \"(Ask if record name_choice): Yes\", \"fields\": [\"_redirect\"]}}, {\"changed\": {\"name\": \"choice option\", \"object\": \"(Ask if record name_choice): No\", \"fields\": [\"_redirect\"]}}]"}}, {"model": "admin.logentry", "pk": 37, "fields": {"action_time": "2017-05-03T19:38:51.752Z", "user": 1, "content_type": 12, "object_id": "13", "object_repr": "Ask if record name_choice", "action_flag": 2, "change_message": "[]"}}, {"model": "admin.logentry", "pk": 38, "fields": {"action_time": "2017-05-03T19:39:28.234Z", "user": 1, "content_type": 12, "object_id": "9", "object_repr": "Select Gender_choice", "action_flag": 2, "change_message": "[{\"changed\": {\"name\": \"choice option\", \"object\": \"(Select Gender_choice): Male\", \"fields\": [\"_redirect\"]}}, {\"changed\": {\"name\": \"choice option\", \"object\": \"(Select Gender_choice): Female\", \"fields\": [\"_redirect\"]}}, {\"changed\": {\"name\": \"choice option\", \"object\": \"(Select Gender_choice): skip\", \"fields\": [\"_redirect\"]}}]"}}, {"model": "admin.logentry", "pk": 39, "fields": {"action_time": "2017-05-03T20:00:57.096Z", "user": 1, "content_type": 1, "object_id": "32", "object_repr": "Voice Label: Your name is", "action_flag": 1, "change_message": "[{\"added\": {}}, {\"added\": {\"name\": \"voice fragment\", \"object\": \"Voice Fragment: (English) Your name is\"}}, {\"added\": {\"name\": \"voice fragment\", \"object\": \"Voice Fragment: (Nederlands) Your name is\"}}]"}}, {"model": "admin.logentry", "pk": 40, "fields": {"action_time": "2017-05-03T20:01:44.329Z", "user": 1, "content_type": 1, "object_id": "32", "object_repr": "Voice Label: Your name is", "action_flag": 2, "change_message": "[{\"added\": {\"name\": \"voice fragment\", \"object\": \"Voice Fragment: (French) Your name is\"}}]"}}, {"model": "admin.logentry", "pk": 41, "fields": {"action_time": "2017-05-03T20:02:15.881Z", "user": 1, "content_type": 13, "object_id": "17", "object_repr": "Record: Record Name_DB", "action_flag": 2, "change_message": "[{\"changed\": {\"fields\": [\"repeat_voice_label\"]}}]"}}, {"model": "admin.logentry", "pk": 42, "fields": {"action_time": "2017-05-03T20:11:24.215Z", "user": 1, "content_type": 1, "object_id": "33", "object_repr": "Voice Label: Ask for confirmation voice", "action_flag": 1, "change_message": "[{\"added\": {}}, {\"added\": {\"name\": \"voice fragment\", \"object\": \"Voice Fragment: (English) Ask for confirmation voice\"}}, {\"added\": {\"name\": \"voice fragment\", \"object\": \"Voice Fragment: (Nederlands) Ask for confirmation voice\"}}, {\"added\": {\"name\": \"voice fragment\", \"object\": \"Voice Fragment: (French) Ask for confirmation voice\"}}]"}}, {"model": "admin.logentry", "pk": 43, "fields": {"action_time": "2017-05-03T20:11:41.574Z", "user": 1, "content_type": 13, "object_id": "17", "object_repr": "Record: Record Name_DB", "action_flag": 2, "change_message": "[{\"changed\": {\"fields\": [\"ask_confirmation_voice_label\"]}}]"}}, {"model": "admin.logentry", "pk": 44, "fields": {"action_time": "2017-05-03T20:18:46.927Z", "user": 1, "content_type": 1, "object_id": "34", "object_repr": "Voice Label: Final confirmation voice", "action_flag": 1, "change_message": "[{\"added\": {}}, {\"added\": {\"name\": \"voice fragment\", \"object\": \"Voice Fragment: (English) Final confirmation voice\"}}, {\"added\": {\"name\": \"voice fragment\", \"object\": \"Voice Fragment: (Nederlands) Final confirmation voice\"}}]"}}, {"model": "admin.logentry", "pk": 45, "fields": {"action_time": "2017-05-03T20:21:56.834Z", "user": 1, "content_type": 1, "object_id": "34", "object_repr": "Voice Label: Final confirmation voice", "action_flag": 2, "change_message": "[{\"added\": {\"name\": \"voice fragment\", \"object\": \"Voice Fragment: (French) Final confirmation voice\"}}]"}}, {"model": "admin.logentry", "pk": 46, "fields": {"action_time": "2017-05-03T20:22:38.662Z", "user": 1, "content_type": 13, "object_id": "17", "object_repr": "Record: Record Name_DB", "action_flag": 2, "change_message": "[{\"changed\": {\"fields\": [\"final_voice_label\"]}}]"}}, {"model": "admin.logentry", "pk": 47, "fields": {"action_time": "2017-05-03T20:23:15.404Z", "user": 1, "content_type": 13, "object_id": "17", "object_repr": "Record: Record Name_DB", "action_flag": 2, "change_message": "[]"}}, {"model": "admin.logentry", "pk": 48, "fields": {"action_time": "2017-05-03T20:24:30.800Z", "user": 1, "content_type": 13, "object_id": "18", "object_repr": "Record: Record Village_DB", "action_flag": 1, "change_message": "[{\"added\": {}}]"}}, {"model": "admin.logentry", "pk": 49, "fields": {"action_time": "2017-05-03T20:31:52.748Z", "user": 1, "content_type": 1, "object_id": "35", "object_repr": "Voice Label: Your village is", "action_flag": 1, "change_message": "[{\"added\": {}}, {\"added\": {\"name\": \"voice fragment\", \"object\": \"Voice Fragment: (English) Your village is\"}}, {\"added\": {\"name\": \"voice fragment\", \"object\": \"Voice Fragment: (Nederlands) Your village is\"}}, {\"added\": {\"name\": \"voice fragment\", \"object\": \"Voice Fragment: (French) Your village is\"}}]"}}, {"model": "admin.logentry", "pk": 50, "fields": {"action_time": "2017-05-03T20:32:13.793Z", "user": 1, "content_type": 13, "object_id": "18", "object_repr": "Record: Record Village_DB", "action_flag": 2, "change_message": "[{\"changed\": {\"fields\": [\"repeat_voice_label\"]}}]"}}, {"model": "admin.logentry", "pk": 51, "fields": {"action_time": "2017-05-03T20:43:12.054Z", "user": 1, "content_type": 13, "object_id": "18", "object_repr": "Record: Record Village_DB", "action_flag": 2, "change_message": "[]"}}, {"model": "admin.logentry", "pk": 52, "fields": {"action_time": "2017-05-03T20:43:45.500Z", "user": 1, "content_type": 13, "object_id": "19", "object_repr": "Record: Record Message_DB", "action_flag": 1, "change_message": "[{\"added\": {}}]"}}, {"model": "admin.logentry", "pk": 53, "fields": {"action_time": "2017-05-03T20:44:26.399Z", "user": 1, "content_type": 1, "object_id": "36", "object_repr": "Voice Label: Record Message voice", "action_flag": 1, "change_message": "[{\"added\": {}}, {\"added\": {\"name\": \"voice fragment\", \"object\": \"Voice Fragment: (English) Record Message voice\"}}]"}}, {"model": "admin.logentry", "pk": 54, "fields": {"action_time": "2017-05-03T20:44:48.487Z", "user": 1, "content_type": 1, "object_id": "36", "object_repr": "Voice Label: Record Message voice", "action_flag": 2, "change_message": "[{\"added\": {\"name\": \"voice fragment\", \"object\": \"Voice Fragment: (Nederlands) Record Message voice\"}}, {\"added\": {\"name\": \"voice fragment\", \"object\": \"Voice Fragment: (French) Record Message voice\"}}]"}}, {"model": "admin.logentry", "pk": 55, "fields": {"action_time": "2017-05-03T20:45:29.100Z", "user": 1, "content_type": 13, "object_id": "19", "object_repr": "Record: Record Message_DB", "action_flag": 2, "change_message": "[{\"changed\": {\"fields\": [\"voice_label\", \"ask_confirmation_voice_label\", \"final_voice_label\"]}}]"}}, {"model": "admin.logentry", "pk": 56, "fields": {"action_time": "2017-05-03T20:45:38.218Z", "user": 1, "content_type": 13, "object_id": "18", "object_repr": "Record: Record Village_DB", "action_flag": 2, "change_message": "[{\"changed\": {\"fields\": [\"_redirect\"]}}]"}}, {"model": "admin.logentry", "pk": 57, "fields": {"action_time": "2017-05-03T20:45:46.534Z", "user": 1, "content_type": 13, "object_id": "18", "object_repr": "Record: Record Village_DB", "action_flag": 2, "change_message": "[]"}}, {"model": "admin.logentry", "pk": 58, "fields": {"action_time": "2017-05-03T20:45:53.270Z", "user": 1, "content_type": 13, "object_id": "19", "object_repr": "Record: Record Message_DB", "action_flag": 2, "change_message": "[]"}}, {"model": "admin.logentry", "pk": 59, "fields": {"action_time": "2017-05-03T21:22:29.750Z", "user": 1, "content_type": 1, "object_id": "37", "object_repr": "Voice Label: Your message is", "action_flag": 1, "change_message": "[{\"added\": {}}, {\"added\": {\"name\": \"voice fragment\", \"object\": \"Voice Fragment: (English) Your message is\"}}]"}}, {"model": "admin.logentry", "pk": 60, "fields": {"action_time": "2017-05-03T21:24:24.710Z", "user": 1, "content_type": 1, "object_id": "37", "object_repr": "Voice Label: Your message is", "action_flag": 2, "change_message": "[{\"added\": {\"name\": \"voice fragment\", \"object\": \"Voice Fragment: (Nederlands) Your message is\"}}, {\"added\": {\"name\": \"voice fragment\", \"object\": \"Voice Fragment: (French) Your message is\"}}]"}}, {"model": "admin.logentry", "pk": 61, "fields": {"action_time": "2017-05-03T21:25:26.751Z", "user": 1, "content_type": 13, "object_id": "19", "object_repr": "Record: Record Message_DB", "action_flag": 2, "change_message": "[{\"changed\": {\"fields\": [\"repeat_voice_label\"]}}]"}}, {"model": "admin.logentry", "pk": 62, "fields": {"action_time": "2017-05-03T21:31:30.832Z", "user": 1, "content_type": 1, "object_id": "38", "object_repr": "Voice Label: Record another message?", "action_flag": 1, "change_message": "[{\"added\": {}}, {\"added\": {\"name\": \"voice fragment\", \"object\": \"Voice Fragment: (English) Record another message?\"}}, {\"added\": {\"name\": \"voice fragment\", \"object\": \"Voice Fragment: (Nederlands) Record another message?\"}}, {\"added\": {\"name\": \"voice fragment\", \"object\": \"Voice Fragment: (French) Record another message?\"}}]"}}, {"model": "admin.logentry", "pk": 63, "fields": {"action_time": "2017-05-03T21:32:55.798Z", "user": 1, "content_type": 12, "object_id": "20", "object_repr": "Ask record another message", "action_flag": 1, "change_message": "[{\"added\": {}}, {\"added\": {\"name\": \"choice option\", \"object\": \"(Ask record another message): Yes\"}}, {\"added\": {\"name\": \"choice option\", \"object\": \"(Ask record another message): No\"}}]"}}, {"model": "admin.logentry", "pk": 64, "fields": {"action_time": "2017-05-03T21:33:19.626Z", "user": 1, "content_type": 12, "object_id": "20", "object_repr": "Ask record another message", "action_flag": 2, "change_message": "[{\"changed\": {\"name\": \"choice option\", \"object\": \"(Ask record another message): Yes\", \"fields\": [\"description\"]}}, {\"changed\": {\"name\": \"choice option\", \"object\": \"(Ask record another message): No\", \"fields\": [\"description\"]}}]"}}, {"model": "admin.logentry", "pk": 65, "fields": {"action_time": "2017-05-03T21:33:57.852Z", "user": 1, "content_type": 12, "object_id": "20", "object_repr": "Ask record another message_choice", "action_flag": 2, "change_message": "[{\"changed\": {\"fields\": [\"name\"]}}]"}}, {"model": "admin.logentry", "pk": 66, "fields": {"action_time": "2017-05-03T21:34:10.473Z", "user": 1, "content_type": 12, "object_id": "13", "object_repr": "Ask if record name_choice", "action_flag": 2, "change_message": "[]"}}, {"model": "admin.logentry", "pk": 67, "fields": {"action_time": "2017-05-03T21:34:32.158Z", "user": 1, "content_type": 12, "object_id": "20", "object_repr": "Ask record another message_choice", "action_flag": 2, "change_message": "[{\"changed\": {\"name\": \"choice option\", \"object\": \"(Ask record another message_choice): Yes\", \"fields\": [\"description\"]}}, {\"changed\": {\"name\": \"choice option\", \"object\": \"(Ask record another message_choice): No\", \"fields\": [\"description\"]}}]"}}, {"model": "admin.logentry", "pk": 68, "fields": {"action_time": "2017-05-03T21:35:04.242Z", "user": 1, "content_type": 13, "object_id": "19", "object_repr": "Record: Record Message_DB", "action_flag": 2, "change_message": "[{\"changed\": {\"fields\": [\"_redirect\"]}}]"}}, {"model": "admin.logentry", "pk": 69, "fields": {"action_time": "2017-05-03T21:35:22.729Z", "user": 1, "content_type": 12, "object_id": "20", "object_repr": "Ask record another message_choice", "action_flag": 2, "change_message": "[]"}}]