[{"model": "service_development.voicelabel", "pk": 1, "fields": {"name": "Dutch language", "description": "Nederlandse taal"}}, {"model": "service_development.voicelabel", "pk": 2, "fields": {"name": "General error message", "description": ""}}, {"model": "service_development.voicelabel", "pk": 3, "fields": {"name": "This is the truth", "description": ""}}, {"model": "service_development.voicelabel", "pk": 4, "fields": {"name": "English language", "description": ""}}, {"model": "service_development.voicelabel", "pk": 5, "fields": {"name": "Thank you for using this service", "description": ""}}, {"model": "service_development.voicelabel", "pk": 6, "fields": {"name": "Wow, it must be a really boring guy!", "description": ""}}, {"model": "service_development.voicelabel", "pk": 7, "fields": {"name": "French language", "description": ""}}, {"model": "service_development.voicelabel", "pk": 8, "fields": {"name": "Please select your language", "description": ""}}, {"model": "service_development.voicelabel", "pk": 9, "fields": {"name": "Pre Choice Option", "description": ""}}, {"model": "service_development.voicelabel", "pk": 10, "fields": {"name": "Post Choice Option", "description": ""}}, {"model": "service_development.voicelabel", "pk": 11, "fields": {"name": "One", "description": ""}}, {"model": "service_development.voicelabel", "pk": 12, "fields": {"name": "Two", "description": ""}}, {"model": "service_development.voicelabel", "pk": 13, "fields": {"name": "Three", "description": ""}}, {"model": "service_development.voicelabel", "pk": 14, "fields": {"name": "Four", "description": ""}}, {"model": "service_development.voicelabel", "pk": 15, "fields": {"name": "Five", "description": ""}}, {"model": "service_development.voicelabel", "pk": 16, "fields": {"name": "Six", "description": ""}}, {"model": "service_development.voicelabel", "pk": 17, "fields": {"name": "Seven", "description": ""}}, {"model": "service_development.voicelabel", "pk": 18, "fields": {"name": "Eight", "description": ""}}, {"model": "service_development.voicelabel", "pk": 19, "fields": {"name": "Nine", "description": ""}}, {"model": "service_development.voicelabel", "pk": 20, "fields": {"name": "Zero", "description": ""}}, {"model": "service_development.voicelabel", "pk": 21, "fields": {"name": "Yes", "description": ""}}, {"model": "service_development.voicelabel", "pk": 22, "fields": {"name": "No", "description": ""}}, {"model": "service_development.voicelabel", "pk": 23, "fields": {"name": "Does the king like to drink beer?", "description": ""}}, {"model": "service_development.voicelabel", "pk": 24, "fields": {"name": "Voice label - select gender", "description": "Select gender"}}, {"model": "service_development.voicelabel", "pk": 25, "fields": {"name": "Ask to record name", "description": "Ask to record name"}}, {"model": "service_development.voicelabel", "pk": 26, "fields": {"name": "Male", "description": "Male"}}, {"model": "service_development.voicelabel", "pk": 27, "fields": {"name": "Female", "description": "Female"}}, {"model": "service_development.voicelabel", "pk": 28, "fields": {"name": "Village name", "description": "Village name"}}, {"model": "service_development.voicelabel", "pk": 29, "fields": {"name": "Record message", "description": "Record message"}}, {"model": "service_development.voicelabel", "pk": 30, "fields": {"name": "Ask for name", "description": "Ask for name"}}, {"model": "service_development.language", "pk": 1, "fields": {"name": "Nederlands", "code": "nl", "voice_label": 1, "error_message": 2, "select_language": 8, "pre_choice_option": 9, "post_choice_option": 10, "one": 11, "two": 12, "three": 13, "four": 14, "five": 15, "six": 16, "seven": 17, "eight": 18, "nine": 19, "zero": 20}}, {"model": "service_development.language", "pk": 2, "fields": {"name": "English", "code": "en", "voice_label": 4, "error_message": 2, "select_language": 8, "pre_choice_option": 9, "post_choice_option": 10, "one": 11, "two": 12, "three": 13, "four": 14, "five": 15, "six": 16, "seven": 17, "eight": 18, "nine": 19, "zero": 20}}, {"model": "service_development.language", "pk": 3, "fields": {"name": "French", "code": "fr", "voice_label": 7, "error_message": 2, "select_language": 8, "pre_choice_option": 9, "post_choice_option": 10, "one": 11, "two": 12, "three": 13, "four": 14, "five": 15, "six": 16, "seven": 17, "eight": 18, "nine": 19, "zero": 20}}, {"model": "service_development.voicefragment", "pk": 1, "fields": {"parent": 6, "language": 2, "audio": "boring_guy_en.wav"}}, {"model": "service_development.voicefragment", "pk": 2, "fields": {"parent": 6, "language": 1, "audio": "boring_guy_nl.wav"}}, {"model": "service_development.voicefragment", "pk": 6, "fields": {"parent": 22, "language": 1, "audio": "no_nl.wav"}}, {"model": "service_development.voicefragment", "pk": 7, "fields": {"parent": 22, "language": 2, "audio": "no_en.wav"}}, {"model": "service_development.voicefragment", "pk": 8, "fields": {"parent": 22, "language": 3, "audio": "no_fr.wav"}}, {"model": "service_development.voicefragment", "pk": 9, "fields": {"parent": 21, "language": 1, "audio": "yes_nl.wav"}}, {"model": "service_development.voicefragment", "pk": 10, "fields": {"parent": 21, "language": 2, "audio": "yes_en.wav"}}, {"model": "service_development.voicefragment", "pk": 11, "fields": {"parent": 21, "language": 3, "audio": "yes_fr.wav"}}, {"model": "service_development.voicefragment", "pk": 12, "fields": {"parent": 20, "language": 1, "audio": "0_nl.wav"}}, {"model": "service_development.voicefragment", "pk": 13, "fields": {"parent": 20, "language": 2, "audio": "0_en.wav"}}, {"model": "service_development.voicefragment", "pk": 14, "fields": {"parent": 20, "language": 3, "audio": "0_fr.wav"}}, {"model": "service_development.voicefragment", "pk": 15, "fields": {"parent": 19, "language": 1, "audio": "9_nl.wav"}}, {"model": "service_development.voicefragment", "pk": 16, "fields": {"parent": 19, "language": 2, "audio": "9_fr.wav"}}, {"model": "service_development.voicefragment", "pk": 17, "fields": {"parent": 19, "language": 3, "audio": "9_en.wav"}}, {"model": "service_development.voicefragment", "pk": 18, "fields": {"parent": 18, "language": 1, "audio": "8_nl.wav"}}, {"model": "service_development.voicefragment", "pk": 19, "fields": {"parent": 18, "language": 2, "audio": "8_en.wav"}}, {"model": "service_development.voicefragment", "pk": 20, "fields": {"parent": 18, "language": 3, "audio": "8_fr.wav"}}, {"model": "service_development.voicefragment", "pk": 21, "fields": {"parent": 17, "language": 1, "audio": "7_nl.wav"}}, {"model": "service_development.voicefragment", "pk": 22, "fields": {"parent": 17, "language": 2, "audio": "7_en.wav"}}, {"model": "service_development.voicefragment", "pk": 23, "fields": {"parent": 17, "language": 3, "audio": "7_fr.wav"}}, {"model": "service_development.voicefragment", "pk": 24, "fields": {"parent": 16, "language": 1, "audio": "6_nl.wav"}}, {"model": "service_development.voicefragment", "pk": 25, "fields": {"parent": 16, "language": 2, "audio": "6_en.wav"}}, {"model": "service_development.voicefragment", "pk": 26, "fields": {"parent": 16, "language": 3, "audio": "6_fr.wav"}}, {"model": "service_development.voicefragment", "pk": 27, "fields": {"parent": 15, "language": 1, "audio": "5_nl.wav"}}, {"model": "service_development.voicefragment", "pk": 28, "fields": {"parent": 15, "language": 2, "audio": "5_en.wav"}}, {"model": "service_development.voicefragment", "pk": 29, "fields": {"parent": 15, "language": 3, "audio": "5_fr.wav"}}, {"model": "service_development.voicefragment", "pk": 30, "fields": {"parent": 14, "language": 1, "audio": "4_nl.wav"}}, {"model": "service_development.voicefragment", "pk": 31, "fields": {"parent": 14, "language": 2, "audio": "4_fr.wav"}}, {"model": "service_development.voicefragment", "pk": 32, "fields": {"parent": 14, "language": 3, "audio": "4_en.wav"}}, {"model": "service_development.voicefragment", "pk": 33, "fields": {"parent": 13, "language": 1, "audio": "3_nl.wav"}}, {"model": "service_development.voicefragment", "pk": 34, "fields": {"parent": 13, "language": 2, "audio": "3_en.wav"}}, {"model": "service_development.voicefragment", "pk": 35, "fields": {"parent": 13, "language": 3, "audio": "3_fr.wav"}}, {"model": "service_development.voicefragment", "pk": 36, "fields": {"parent": 12, "language": 1, "audio": "2_nl.wav"}}, {"model": "service_development.voicefragment", "pk": 37, "fields": {"parent": 12, "language": 2, "audio": "2_en.wav"}}, {"model": "service_development.voicefragment", "pk": 38, "fields": {"parent": 12, "language": 3, "audio": "2_fr.wav"}}, {"model": "service_development.voicefragment", "pk": 39, "fields": {"parent": 11, "language": 1, "audio": "1_nl.wav"}}, {"model": "service_development.voicefragment", "pk": 40, "fields": {"parent": 11, "language": 2, "audio": "1_en.wav"}}, {"model": "service_development.voicefragment", "pk": 41, "fields": {"parent": 11, "language": 3, "audio": "1_fr.wav"}}, {"model": "service_development.voicefragment", "pk": 42, "fields": {"parent": 10, "language": 1, "audio": "post_choice_option_nl.wav"}}, {"model": "service_development.voicefragment", "pk": 43, "fields": {"parent": 10, "language": 2, "audio": "post_choice_option_en.wav"}}, {"model": "service_development.voicefragment", "pk": 44, "fields": {"parent": 10, "language": 3, "audio": "post_choice_option_fr.wav"}}, {"model": "service_development.voicefragment", "pk": 45, "fields": {"parent": 9, "language": 1, "audio": "pre_choice_option_nl.wav"}}, {"model": "service_development.voicefragment", "pk": 46, "fields": {"parent": 9, "language": 2, "audio": "pre_choice_option_en.wav"}}, {"model": "service_development.voicefragment", "pk": 47, "fields": {"parent": 9, "language": 3, "audio": "pre_choice_option_fr.wav"}}, {"model": "service_development.voicefragment", "pk": 48, "fields": {"parent": 8, "language": 1, "audio": "select_language_nl.wav"}}, {"model": "service_development.voicefragment", "pk": 49, "fields": {"parent": 8, "language": 2, "audio": "select_language_en.wav"}}, {"model": "service_development.voicefragment", "pk": 50, "fields": {"parent": 8, "language": 3, "audio": "select_language_fr.wav"}}, {"model": "service_development.voicefragment", "pk": 51, "fields": {"parent": 7, "language": 1, "audio": "french_nl.wav"}}, {"model": "service_development.voicefragment", "pk": 52, "fields": {"parent": 7, "language": 2, "audio": "french_en.wav"}}, {"model": "service_development.voicefragment", "pk": 53, "fields": {"parent": 7, "language": 3, "audio": "french_fr.wav"}}, {"model": "service_development.voicefragment", "pk": 54, "fields": {"parent": 6, "language": 3, "audio": "boring_guy_fr.wav"}}, {"model": "service_development.voicefragment", "pk": 55, "fields": {"parent": 5, "language": 1, "audio": "thank_you_for_using_nl.wav"}}, {"model": "service_development.voicefragment", "pk": 56, "fields": {"parent": 5, "language": 2, "audio": "thank_you_for_using_en.wav"}}, {"model": "service_development.voicefragment", "pk": 57, "fields": {"parent": 5, "language": 3, "audio": "thank_you_for_using_fr.wav"}}, {"model": "service_development.voicefragment", "pk": 58, "fields": {"parent": 4, "language": 1, "audio": "english_nl.wav"}}, {"model": "service_development.voicefragment", "pk": 59, "fields": {"parent": 4, "language": 2, "audio": "english_en.wav"}}, {"model": "service_development.voicefragment", "pk": 60, "fields": {"parent": 4, "language": 3, "audio": "english_fr.wav"}}, {"model": "service_development.voicefragment", "pk": 61, "fields": {"parent": 3, "language": 1, "audio": "truth_nl.wav"}}, {"model": "service_development.voicefragment", "pk": 62, "fields": {"parent": 3, "language": 2, "audio": "truth_en.wav"}}, {"model": "service_development.voicefragment", "pk": 63, "fields": {"parent": 3, "language": 3, "audio": "truth_fr.wav"}}, {"model": "service_development.voicefragment", "pk": 64, "fields": {"parent": 2, "language": 1, "audio": "error_nl.wav"}}, {"model": "service_development.voicefragment", "pk": 65, "fields": {"parent": 2, "language": 2, "audio": "error_en.wav"}}, {"model": "service_development.voicefragment", "pk": 66, "fields": {"parent": 2, "language": 3, "audio": "error_fr.wav"}}, {"model": "service_development.voicefragment", "pk": 67, "fields": {"parent": 1, "language": 1, "audio": "dutch_nl.wav"}}, {"model": "service_development.voicefragment", "pk": 68, "fields": {"parent": 1, "language": 2, "audio": "dutch_en.wav"}}, {"model": "service_development.voicefragment", "pk": 69, "fields": {"parent": 1, "language": 3, "audio": "dutch_fr.wav"}}, {"model": "service_development.voicefragment", "pk": 70, "fields": {"parent": 23, "language": 1, "audio": "king_question_nl.wav"}}, {"model": "service_development.voicefragment", "pk": 71, "fields": {"parent": 23, "language": 2, "audio": "king_question_en.wav"}}, {"model": "service_development.voicefragment", "pk": 72, "fields": {"parent": 23, "language": 3, "audio": "king_question_fr.wav"}}, {"model": "service_development.voicefragment", "pk": 76, "fields": {"parent": 24, "language": 2, "audio": "record_gender_english.wav"}}, {"model": "service_development.voicefragment", "pk": 77, "fields": {"parent": 24, "language": 1, "audio": "record_gender_dutch.wav"}}, {"model": "service_development.voicefragment", "pk": 78, "fields": {"parent": 24, "language": 3, "audio": "record_gender_french.wav"}}, {"model": "service_development.voicefragment", "pk": 79, "fields": {"parent": 25, "language": 2, "audio": "record_name_english.wav"}}, {"model": "service_development.voicefragment", "pk": 80, "fields": {"parent": 25, "language": 1, "audio": "record_name_dutch.wav"}}, {"model": "service_development.voicefragment", "pk": 81, "fields": {"parent": 25, "language": 3, "audio": "record_name_french.wav"}}, {"model": "service_development.voicefragment", "pk": 82, "fields": {"parent": 26, "language": 2, "audio": "male_english.wav"}}, {"model": "service_development.voicefragment", "pk": 83, "fields": {"parent": 26, "language": 1, "audio": "male_dutch.wav"}}, {"model": "service_development.voicefragment", "pk": 84, "fields": {"parent": 26, "language": 3, "audio": "male_french.wav"}}, {"model": "service_development.voicefragment", "pk": 85, "fields": {"parent": 27, "language": 2, "audio": "female_english.wav"}}, {"model": "service_development.voicefragment", "pk": 86, "fields": {"parent": 27, "language": 1, "audio": "female_dutch.wav"}}, {"model": "service_development.voicefragment", "pk": 87, "fields": {"parent": 27, "language": 3, "audio": "female_french.wav"}}, {"model": "service_development.voicefragment", "pk": 88, "fields": {"parent": 28, "language": 2, "audio": "village_eng.wav"}}, {"model": "service_development.voicefragment", "pk": 89, "fields": {"parent": 28, "language": 1, "audio": "village_dutch.wav"}}, {"model": "service_development.voicefragment", "pk": 90, "fields": {"parent": 28, "language": 3, "audio": "village_french.wav"}}, {"model": "service_development.voicefragment", "pk": 91, "fields": {"parent": 29, "language": 2, "audio": "message_eng.wav"}}, {"model": "service_development.voicefragment", "pk": 92, "fields": {"parent": 29, "language": 1, "audio": "message_dutch.wav"}}, {"model": "service_development.voicefragment", "pk": 93, "fields": {"parent": 29, "language": 3, "audio": "message_french.wav"}}, {"model": "service_development.voicefragment", "pk": 97, "fields": {"parent": 30, "language": 2, "audio": "record_name_english.wav"}}, {"model": "service_development.voicefragment", "pk": 98, "fields": {"parent": 30, "language": 1, "audio": "record_name_dutch.wav"}}, {"model": "service_development.voicefragment", "pk": 99, "fields": {"parent": 30, "language": 3, "audio": "record_name_french.wav"}}, {"model": "service_development.voiceservicesubelement", "pk": 2, "fields": {"service": 1, "creation_date": "2017-04-23T19:30:23.792Z", "modification_date": "2017-04-23T23:13:42.317Z", "name": "Does the king like to drink beer?", "description": "", "voice_label": 23}}, {"model": "service_development.voiceservicesubelement", "pk": 3, "fields": {"service": 1, "creation_date": "2017-04-23T19:32:07.853Z", "modification_date": "2017-04-23T22:51:29.350Z", "name": "Yes", "description": "King <3's BEER", "voice_label": 21}}, {"model": "service_development.voiceservicesubelement", "pk": 4, "fields": {"service": 1, "creation_date": "2017-04-23T19:32:07.854Z", "modification_date": "2017-04-23T22:51:29.352Z", "name": "No", "description": "", "voice_label": 22}}, {"model": "service_development.voiceservicesubelement", "pk": 5, "fields": {"service": 1, "creation_date": "2017-04-23T19:49:50.055Z", "modification_date": "2017-04-23T21:17:07.984Z", "name": "This is the truth", "description": "", "voice_label": 3}}, {"model": "service_development.voiceservicesubelement", "pk": 6, "fields": {"service": 1, "creation_date": "2017-04-23T21:11:06.805Z", "modification_date": "2017-04-23T21:33:29.853Z", "name": "Thank you for using this service", "description": "", "voice_label": 5}}, {"model": "service_development.voiceservicesubelement", "pk": 7, "fields": {"service": 1, "creation_date": "2017-04-23T21:36:55.756Z", "modification_date": "2017-04-23T21:36:55.756Z", "name": "King is boring", "description": "", "voice_label": 6}}, {"model": "service_development.voiceservicesubelement", "pk": 9, "fields": {"service": 2, "creation_date": "2017-04-28T14:01:13.153Z", "modification_date": "2017-04-29T19:31:24.160Z", "name": "Choose language", "description": "Choose language", "voice_label": 8}}, {"model": "service_development.voiceservicesubelement", "pk": 10, "fields": {"service": 2, "creation_date": "2017-04-28T14:01:13.158Z", "modification_date": "2017-04-28T16:20:00.112Z", "name": "One", "description": "One for English", "voice_label": 4}}, {"model": "service_development.voiceservicesubelement", "pk": 11, "fields": {"service": 2, "creation_date": "2017-04-28T14:01:13.159Z", "modification_date": "2017-04-28T16:20:00.113Z", "name": "Two", "description": "Two for Dutch", "voice_label": 1}}, {"model": "service_development.voiceservicesubelement", "pk": 12, "fields": {"service": 2, "creation_date": "2017-04-28T14:01:13.160Z", "modification_date": "2017-04-28T16:20:00.114Z", "name": "Three", "description": "Three for French", "voice_label": 7}}, {"model": "service_development.voiceservicesubelement", "pk": 16, "fields": {"service": 2, "creation_date": "2017-04-28T15:05:24.768Z", "modification_date": "2017-04-28T20:23:46.950Z", "name": "Ask for gender", "description": "ask for gender", "voice_label": 24}}, {"model": "service_development.voiceservicesubelement", "pk": 17, "fields": {"service": 2, "creation_date": "2017-04-28T15:05:24.772Z", "modification_date": "2017-04-28T16:24:37.111Z", "name": "male", "description": "male", "voice_label": 26}}, {"model": "service_development.voiceservicesubelement", "pk": 18, "fields": {"service": 2, "creation_date": "2017-04-28T15:05:24.774Z", "modification_date": "2017-04-28T16:24:37.112Z", "name": "female", "description": "female", "voice_label": 27}}, {"model": "service_development.voiceservicesubelement", "pk": 24, "fields": {"service": 2, "creation_date": "2017-04-28T16:15:14.094Z", "modification_date": "2017-04-28T16:18:17.820Z", "name": "Record village name", "description": "record village name", "voice_label": 28}}, {"model": "service_development.voiceservicesubelement", "pk": 25, "fields": {"service": 2, "creation_date": "2017-04-28T16:17:10.944Z", "modification_date": "2017-04-28T16:17:10.944Z", "name": "Record message", "description": "record message", "voice_label": 29}}, {"model": "service_development.voiceservicesubelement", "pk": 26, "fields": {"service": 2, "creation_date": "2017-04-28T16:20:49.045Z", "modification_date": "2017-04-28T16:23:57.934Z", "name": "Record Name", "description": "Record name", "voice_label": 30}}, {"model": "service_development.voiceserviceelement", "pk": 2, "fields": {}}, {"model": "service_development.voiceserviceelement", "pk": 5, "fields": {}}, {"model": "service_development.voiceserviceelement", "pk": 6, "fields": {}}, {"model": "service_development.voiceserviceelement", "pk": 7, "fields": {}}, {"model": "service_development.voiceserviceelement", "pk": 9, "fields": {}}, {"model": "service_development.voiceserviceelement", "pk": 16, "fields": {}}, {"model": "service_development.voiceserviceelement", "pk": 24, "fields": {}}, {"model": "service_development.voiceserviceelement", "pk": 25, "fields": {}}, {"model": "service_development.voiceserviceelement", "pk": 26, "fields": {}}, {"model": "service_development.voiceservice", "pk": 1, "fields": {"name": "King's truth checker", "description": "Checks the user's knowledge about the king of the Netherlands", "creation_date": "2017-04-23T19:23:52.392Z", "modification_date": "2017-04-23T23:19:18.069Z", "active": true, "_start_element": 2, "requires_registration": false, "supported_languages": [1, 2, 3]}}, {"model": "service_development.voiceservice", "pk": 2, "fields": {"name": "Foroba blon caller", "description": "Caller application", "creation_date": "2017-04-28T11:52:26.956Z", "modification_date": "2017-04-29T19:29:47.847Z", "active": true, "_start_element": 9, "requires_registration": false, "supported_languages": [1, 2, 3]}}, {"model": "service_development.callsession", "pk": 1, "fields": {"start": "2017-04-28T08:05:07.868Z", "end": null, "user": null, "caller_id": null, "service": 1, "_language": null}}, {"model": "service_development.callsession", "pk": 2, "fields": {"start": "2017-04-28T08:21:25.549Z", "end": null, "user": null, "caller_id": null, "service": 1, "_language": null}}, {"model": "service_development.callsession", "pk": 3, "fields": {"start": "2017-04-28T08:36:24.198Z", "end": null, "user": null, "caller_id": null, "service": 1, "_language": null}}, {"model": "service_development.callsession", "pk": 4, "fields": {"start": "2017-04-28T08:51:25.185Z", "end": null, "user": null, "caller_id": null, "service": 1, "_language": null}}, {"model": "service_development.callsession", "pk": 5, "fields": {"start": "2017-04-28T19:49:51.529Z", "end": null, "user": null, "caller_id": "12345", "service": 2, "_language": null}}, {"model": "service_development.choice", "pk": 2, "fields": {}}, {"model": "service_development.choice", "pk": 9, "fields": {}}, {"model": "service_development.choice", "pk": 16, "fields": {}}, {"model": "service_development.choiceoption", "pk": 3, "fields": {"parent": 2, "_redirect": 5}}, {"model": "service_development.choiceoption", "pk": 4, "fields": {"parent": 2, "_redirect": 7}}, {"model": "service_development.choiceoption", "pk": 10, "fields": {"parent": 9, "_redirect": 16}}, {"model": "service_development.choiceoption", "pk": 11, "fields": {"parent": 9, "_redirect": 16}}, {"model": "service_development.choiceoption", "pk": 12, "fields": {"parent": 9, "_redirect": 16}}, {"model": "service_development.choiceoption", "pk": 17, "fields": {"parent": 16, "_redirect": 24}}, {"model": "service_development.choiceoption", "pk": 18, "fields": {"parent": 16, "_redirect": 24}}, {"model": "service_development.messagepresentation", "pk": 5, "fields": {"final_element": false, "_redirect": 6}}, {"model": "service_development.messagepresentation", "pk": 6, "fields": {"final_element": true, "_redirect": null}}, {"model": "service_development.messagepresentation", "pk": 7, "fields": {"final_element": false, "_redirect": 6}}, {"model": "service_development.messagepresentation", "pk": 24, "fields": {"final_element": false, "_redirect": 25}}, {"model": "service_development.messagepresentation", "pk": 25, "fields": {"final_element": false, "_redirect": 6}}, {"model": "service_development.messagepresentation", "pk": 26, "fields": {"final_element": false, "_redirect": 16}}, {"model": "contenttypes.contenttype", "pk": 1, "fields": {"app_label": "service_development", "model": "callsessionstep"}}, {"model": "contenttypes.contenttype", "pk": 2, "fields": {"app_label": "service_development", "model": "kasadakauser"}}, {"model": "contenttypes.contenttype", "pk": 3, "fields": {"app_label": "service_development", "model": "voiceservicesubelement"}}, {"model": "contenttypes.contenttype", "pk": 4, "fields": {"app_label": "service_development", "model": "voicefragment"}}, {"model": "contenttypes.contenttype", "pk": 5, "fields": {"app_label": "service_development", "model": "callsession"}}, {"model": "contenttypes.contenttype", "pk": 6, "fields": {"app_label": "service_development", "model": "choiceoption"}}, {"model": "contenttypes.contenttype", "pk": 7, "fields": {"app_label": "service_development", "model": "language"}}, {"model": "contenttypes.contenttype", "pk": 8, "fields": {"app_label": "service_development", "model": "voiceservice"}}, {"model": "contenttypes.contenttype", "pk": 9, "fields": {"app_label": "service_development", "model": "voicelabel"}}, {"model": "contenttypes.contenttype", "pk": 10, "fields": {"app_label": "service_development", "model": "voiceserviceelement"}}, {"model": "contenttypes.contenttype", "pk": 11, "fields": {"app_label": "service_development", "model": "messagepresentation"}}, {"model": "contenttypes.contenttype", "pk": 12, "fields": {"app_label": "service_development", "model": "choice"}}, {"model": "contenttypes.contenttype", "pk": 13, "fields": {"app_label": "admin", "model": "logentry"}}, {"model": "contenttypes.contenttype", "pk": 14, "fields": {"app_label": "auth", "model": "permission"}}, {"model": "contenttypes.contenttype", "pk": 15, "fields": {"app_label": "auth", "model": "user"}}, {"model": "contenttypes.contenttype", "pk": 16, "fields": {"app_label": "auth", "model": "group"}}, {"model": "contenttypes.contenttype", "pk": 17, "fields": {"app_label": "contenttypes", "model": "contenttype"}}, {"model": "contenttypes.contenttype", "pk": 18, "fields": {"app_label": "sessions", "model": "session"}}, {"model": "sessions.session", "pk": "qwqvezmp261jwnbcvgaqr8ocnpqkmwc9", "fields": {"session_data": "ZmY4ZTkxMTJhZjQ3NGQzNzVhYjIxZWY3NDQ5OTFmMzk1NTE0ZjUzMTp7Il9hdXRoX3VzZXJfaWQiOiIxIiwiX2F1dGhfdXNlcl9iYWNrZW5kIjoiZGphbmdvLmNvbnRyaWIuYXV0aC5iYWNrZW5kcy5Nb2RlbEJhY2tlbmQiLCJfYXV0aF91c2VyX2hhc2giOiJiNmQ5NzUzYTkyOWRkYjVlODdkNjRiOGU5ODQ4MDQyN2NlODBlZTE2In0=", "expire_date": "2017-05-10T09:06:20.837Z"}}, {"model": "auth.permission", "pk": 1, "fields": {"name": "Can add call session step", "content_type": 1, "codename": "add_callsessionstep"}}, {"model": "auth.permission", "pk": 2, "fields": {"name": "Can change call session step", "content_type": 1, "codename": "change_callsessionstep"}}, {"model": "auth.permission", "pk": 3, "fields": {"name": "Can delete call session step", "content_type": 1, "codename": "delete_callsessionstep"}}, {"model": "auth.permission", "pk": 4, "fields": {"name": "Can add kasa daka user", "content_type": 2, "codename": "add_kasadakauser"}}, {"model": "auth.permission", "pk": 5, "fields": {"name": "Can change kasa daka user", "content_type": 2, "codename": "change_kasadakauser"}}, {"model": "auth.permission", "pk": 6, "fields": {"name": "Can delete kasa daka user", "content_type": 2, "codename": "delete_kasadakauser"}}, {"model": "auth.permission", "pk": 7, "fields": {"name": "Can add voice service sub element", "content_type": 3, "codename": "add_voiceservicesubelement"}}, {"model": "auth.permission", "pk": 8, "fields": {"name": "Can change voice service sub element", "content_type": 3, "codename": "change_voiceservicesubelement"}}, {"model": "auth.permission", "pk": 9, "fields": {"name": "Can delete voice service sub element", "content_type": 3, "codename": "delete_voiceservicesubelement"}}, {"model": "auth.permission", "pk": 10, "fields": {"name": "Can add voice fragment", "content_type": 4, "codename": "add_voicefragment"}}, {"model": "auth.permission", "pk": 11, "fields": {"name": "Can change voice fragment", "content_type": 4, "codename": "change_voicefragment"}}, {"model": "auth.permission", "pk": 12, "fields": {"name": "Can delete voice fragment", "content_type": 4, "codename": "delete_voicefragment"}}, {"model": "auth.permission", "pk": 13, "fields": {"name": "Can add call session", "content_type": 5, "codename": "add_callsession"}}, {"model": "auth.permission", "pk": 14, "fields": {"name": "Can change call session", "content_type": 5, "codename": "change_callsession"}}, {"model": "auth.permission", "pk": 15, "fields": {"name": "Can delete call session", "content_type": 5, "codename": "delete_callsession"}}, {"model": "auth.permission", "pk": 16, "fields": {"name": "Can add choice option", "content_type": 6, "codename": "add_choiceoption"}}, {"model": "auth.permission", "pk": 17, "fields": {"name": "Can change choice option", "content_type": 6, "codename": "change_choiceoption"}}, {"model": "auth.permission", "pk": 18, "fields": {"name": "Can delete choice option", "content_type": 6, "codename": "delete_choiceoption"}}, {"model": "auth.permission", "pk": 19, "fields": {"name": "Can add language", "content_type": 7, "codename": "add_language"}}, {"model": "auth.permission", "pk": 20, "fields": {"name": "Can change language", "content_type": 7, "codename": "change_language"}}, {"model": "auth.permission", "pk": 21, "fields": {"name": "Can delete language", "content_type": 7, "codename": "delete_language"}}, {"model": "auth.permission", "pk": 22, "fields": {"name": "Can add voice service", "content_type": 8, "codename": "add_voiceservice"}}, {"model": "auth.permission", "pk": 23, "fields": {"name": "Can change voice service", "content_type": 8, "codename": "change_voiceservice"}}, {"model": "auth.permission", "pk": 24, "fields": {"name": "Can delete voice service", "content_type": 8, "codename": "delete_voiceservice"}}, {"model": "auth.permission", "pk": 25, "fields": {"name": "Can add voice label", "content_type": 9, "codename": "add_voicelabel"}}, {"model": "auth.permission", "pk": 26, "fields": {"name": "Can change voice label", "content_type": 9, "codename": "change_voicelabel"}}, {"model": "auth.permission", "pk": 27, "fields": {"name": "Can delete voice label", "content_type": 9, "codename": "delete_voicelabel"}}, {"model": "auth.permission", "pk": 28, "fields": {"name": "Can add voice service element", "content_type": 10, "codename": "add_voiceserviceelement"}}, {"model": "auth.permission", "pk": 29, "fields": {"name": "Can change voice service element", "content_type": 10, "codename": "change_voiceserviceelement"}}, {"model": "auth.permission", "pk": 30, "fields": {"name": "Can delete voice service element", "content_type": 10, "codename": "delete_voiceserviceelement"}}, {"model": "auth.permission", "pk": 31, "fields": {"name": "Can add message presentation", "content_type": 11, "codename": "add_messagepresentation"}}, {"model": "auth.permission", "pk": 32, "fields": {"name": "Can change message presentation", "content_type": 11, "codename": "change_messagepresentation"}}, {"model": "auth.permission", "pk": 33, "fields": {"name": "Can delete message presentation", "content_type": 11, "codename": "delete_messagepresentation"}}, {"model": "auth.permission", "pk": 34, "fields": {"name": "Can add choice", "content_type": 12, "codename": "add_choice"}}, {"model": "auth.permission", "pk": 35, "fields": {"name": "Can change choice", "content_type": 12, "codename": "change_choice"}}, {"model": "auth.permission", "pk": 36, "fields": {"name": "Can delete choice", "content_type": 12, "codename": "delete_choice"}}, {"model": "auth.permission", "pk": 37, "fields": {"name": "Can add log entry", "content_type": 13, "codename": "add_logentry"}}, {"model": "auth.permission", "pk": 38, "fields": {"name": "Can change log entry", "content_type": 13, "codename": "change_logentry"}}, {"model": "auth.permission", "pk": 39, "fields": {"name": "Can delete log entry", "content_type": 13, "codename": "delete_logentry"}}, {"model": "auth.permission", "pk": 40, "fields": {"name": "Can add permission", "content_type": 14, "codename": "add_permission"}}, {"model": "auth.permission", "pk": 41, "fields": {"name": "Can change permission", "content_type": 14, "codename": "change_permission"}}, {"model": "auth.permission", "pk": 42, "fields": {"name": "Can delete permission", "content_type": 14, "codename": "delete_permission"}}, {"model": "auth.permission", "pk": 43, "fields": {"name": "Can add user", "content_type": 15, "codename": "add_user"}}, {"model": "auth.permission", "pk": 44, "fields": {"name": "Can change user", "content_type": 15, "codename": "change_user"}}, {"model": "auth.permission", "pk": 45, "fields": {"name": "Can delete user", "content_type": 15, "codename": "delete_user"}}, {"model": "auth.permission", "pk": 46, "fields": {"name": "Can add group", "content_type": 16, "codename": "add_group"}}, {"model": "auth.permission", "pk": 47, "fields": {"name": "Can change group", "content_type": 16, "codename": "change_group"}}, {"model": "auth.permission", "pk": 48, "fields": {"name": "Can delete group", "content_type": 16, "codename": "delete_group"}}, {"model": "auth.permission", "pk": 49, "fields": {"name": "Can add content type", "content_type": 17, "codename": "add_contenttype"}}, {"model": "auth.permission", "pk": 50, "fields": {"name": "Can change content type", "content_type": 17, "codename": "change_contenttype"}}, {"model": "auth.permission", "pk": 51, "fields": {"name": "Can delete content type", "content_type": 17, "codename": "delete_contenttype"}}, {"model": "auth.permission", "pk": 52, "fields": {"name": "Can add session", "content_type": 18, "codename": "add_session"}}, {"model": "auth.permission", "pk": 53, "fields": {"name": "Can change session", "content_type": 18, "codename": "change_session"}}, {"model": "auth.permission", "pk": 54, "fields": {"name": "Can delete session", "content_type": 18, "codename": "delete_session"}}, {"model": "auth.user", "pk": 1, "fields": {"password": "pbkdf2_sha256$30000$NdnbDTcEPd35$YIkYQoKn5tMpmLdc8mXUbPSh9bzaItl8o+jMQmiWWqk=", "last_login": "2017-04-26T09:06:20.829Z", "is_superuser": true, "username": "siaws2001", "first_name": "", "last_name": "", "email": "siaws2001@hotmail.com", "is_staff": true, "is_active": true, "date_joined": "2017-04-26T09:02:44.831Z", "groups": [], "user_permissions": []}}, {"model": "admin.logentry", "pk": 1, "fields": {"action_time": "2017-04-28T08:05:30.086Z", "user": 1, "content_type": 8, "object_id": "1", "object_repr": "Voice Service: King's truth checker", "action_flag": 2, "change_message": "[]"}}, {"model": "admin.logentry", "pk": 2, "fields": {"action_time": "2017-04-28T08:05:40.705Z", "user": 1, "content_type": 8, "object_id": "1", "object_repr": "Voice Service: King's truth checker", "action_flag": 2, "change_message": "[]"}}, {"model": "admin.logentry", "pk": 3, "fields": {"action_time": "2017-04-28T08:06:11.328Z", "user": 1, "content_type": 12, "object_id": "2", "object_repr": "Does the king like to drink beer?", "action_flag": 2, "change_message": "[]"}}, {"model": "admin.logentry", "pk": 4, "fields": {"action_time": "2017-04-28T08:07:20.486Z", "user": 1, "content_type": 5, "object_id": "1", "object_repr": "None (04/28/2017 8:05 a.m.)", "action_flag": 2, "change_message": "[]"}}, {"model": "admin.logentry", "pk": 5, "fields": {"action_time": "2017-04-28T08:15:10.305Z", "user": 1, "content_type": 8, "object_id": "1", "object_repr": "Voice Service: King's truth checker", "action_flag": 2, "change_message": "[]"}}, {"model": "admin.logentry", "pk": 6, "fields": {"action_time": "2017-04-28T08:20:44.684Z", "user": 1, "content_type": 12, "object_id": "2", "object_repr": "Does the king like to drink beer?", "action_flag": 2, "change_message": "[]"}}, {"model": "admin.logentry", "pk": 7, "fields": {"action_time": "2017-04-28T08:21:51.056Z", "user": 1, "content_type": 8, "object_id": "1", "object_repr": "Voice Service: King's truth checker", "action_flag": 2, "change_message": "[]"}}, {"model": "admin.logentry", "pk": 8, "fields": {"action_time": "2017-04-28T11:52:27.039Z", "user": 1, "content_type": 8, "object_id": "2", "object_repr": "Voice Service: Foroba blon caller", "action_flag": 1, "change_message": "[{\"added\": {}}]"}}, {"model": "admin.logentry", "pk": 9, "fields": {"action_time": "2017-04-28T11:53:29.898Z", "user": 1, "content_type": 12, "object_id": "8", "object_repr": "Select Language", "action_flag": 1, "change_message": "[{\"added\": {}}]"}}, {"model": "admin.logentry", "pk": 10, "fields": {"action_time": "2017-04-28T11:55:44.851Z", "user": 1, "content_type": 9, "object_id": "24", "object_repr": "Voice Label: Voice label - select gender", "action_flag": 1, "change_message": "[{\"added\": {}}, {\"added\": {\"name\": \"voice fragment\", \"object\": \"Voice Fragment: (English) Voice label - select gender\"}}, {\"added\": {\"name\": \"voice fragment\", \"object\": \"Voice Fragment: (Nederlands) Voice label - select gender\"}}, {\"added\": {\"name\": \"voice fragment\", \"object\": \"Voice Fragment: (French) Voice label - select gender\"}}]"}}, {"model": "admin.logentry", "pk": 11, "fields": {"action_time": "2017-04-28T11:56:04.634Z", "user": 1, "content_type": 9, "object_id": "24", "object_repr": "Voice Label: Voice label - select gender", "action_flag": 2, "change_message": "[]"}}, {"model": "admin.logentry", "pk": 12, "fields": {"action_time": "2017-04-28T11:56:24.705Z", "user": 1, "content_type": 9, "object_id": "24", "object_repr": "Voice Label: Voice label - select gender", "action_flag": 2, "change_message": "[]"}}, {"model": "admin.logentry", "pk": 13, "fields": {"action_time": "2017-04-28T11:58:09.104Z", "user": 1, "content_type": 9, "object_id": "24", "object_repr": "Voice Label: Voice label - select gender", "action_flag": 2, "change_message": "[{\"deleted\": {\"name\": \"voice fragment\", \"object\": \"Voice Fragment: (English) Voice label - select gender\"}}, {\"deleted\": {\"name\": \"voice fragment\", \"object\": \"Voice Fragment: (Nederlands) Voice label - select gender\"}}, {\"deleted\": {\"name\": \"voice fragment\", \"object\": \"Voice Fragment: (French) Voice label - select gender\"}}]"}}, {"model": "admin.logentry", "pk": 14, "fields": {"action_time": "2017-04-28T11:58:30.860Z", "user": 1, "content_type": 9, "object_id": "24", "object_repr": "Voice Label: Voice label - select gender", "action_flag": 2, "change_message": "[{\"added\": {\"name\": \"voice fragment\", \"object\": \"Voice Fragment: (English) Voice label - select gender\"}}, {\"added\": {\"name\": \"voice fragment\", \"object\": \"Voice Fragment: (Nederlands) Voice label - select gender\"}}, {\"added\": {\"name\": \"voice fragment\", \"object\": \"Voice Fragment: (French) Voice label - select gender\"}}]"}}, {"model": "admin.logentry", "pk": 15, "fields": {"action_time": "2017-04-28T11:58:37.945Z", "user": 1, "content_type": 9, "object_id": "24", "object_repr": "Voice Label: Voice label - select gender", "action_flag": 2, "change_message": "[]"}}, {"model": "admin.logentry", "pk": 16, "fields": {"action_time": "2017-04-28T12:02:15.979Z", "user": 1, "content_type": 12, "object_id": "8", "object_repr": "Record Name", "action_flag": 2, "change_message": "[{\"changed\": {\"fields\": [\"name\", \"description\"]}}]"}}, {"model": "admin.logentry", "pk": 17, "fields": {"action_time": "2017-04-28T12:03:25.401Z", "user": 1, "content_type": 9, "object_id": "25", "object_repr": "Voice Label: Ask to record name", "action_flag": 1, "change_message": "[{\"added\": {}}, {\"added\": {\"name\": \"voice fragment\", \"object\": \"Voice Fragment: (English) Ask to record name\"}}, {\"added\": {\"name\": \"voice fragment\", \"object\": \"Voice Fragment: (Nederlands) Ask to record name\"}}, {\"added\": {\"name\": \"voice fragment\", \"object\": \"Voice Fragment: (French) Ask to record name\"}}]"}}, {"model": "admin.logentry", "pk": 18, "fields": {"action_time": "2017-04-28T12:04:12.091Z", "user": 1, "content_type": 9, "object_id": "25", "object_repr": "Voice Label: Ask to record name", "action_flag": 2, "change_message": "[]"}}, {"model": "admin.logentry", "pk": 19, "fields": {"action_time": "2017-04-28T14:01:13.161Z", "user": 1, "content_type": 12, "object_id": "9", "object_repr": "Choose language", "action_flag": 1, "change_message": "[{\"added\": {}}, {\"added\": {\"name\": \"choice option\", \"object\": \"(Choose language): English\"}}, {\"added\": {\"name\": \"choice option\", \"object\": \"(Choose language): Dutch\"}}, {\"added\": {\"name\": \"choice option\", \"object\": \"(Choose language): French\"}}]"}}, {"model": "admin.logentry", "pk": 20, "fields": {"action_time": "2017-04-28T14:03:06.294Z", "user": 1, "content_type": 8, "object_id": "2", "object_repr": "Voice Service: Foroba blon caller", "action_flag": 2, "change_message": "[{\"changed\": {\"fields\": [\"_start_element\"]}}]"}}, {"model": "admin.logentry", "pk": 21, "fields": {"action_time": "2017-04-28T14:03:22.073Z", "user": 1, "content_type": 8, "object_id": "2", "object_repr": "Voice Service: Foroba blon caller", "action_flag": 2, "change_message": "[]"}}, {"model": "admin.logentry", "pk": 22, "fields": {"action_time": "2017-04-28T14:05:40.030Z", "user": 1, "content_type": 12, "object_id": "8", "object_repr": "Record Name", "action_flag": 2, "change_message": "[{\"changed\": {\"fields\": [\"voice_label\"]}}, {\"added\": {\"name\": \"choice option\", \"object\": \"(Record Name): English\"}}, {\"added\": {\"name\": \"choice option\", \"object\": \"(Record Name): Dutch\"}}, {\"added\": {\"name\": \"choice option\", \"object\": \"(Record Name): French\"}}]"}}, {"model": "admin.logentry", "pk": 23, "fields": {"action_time": "2017-04-28T14:06:04.687Z", "user": 1, "content_type": 12, "object_id": "8", "object_repr": "Record Name", "action_flag": 2, "change_message": "[{\"changed\": {\"name\": \"choice option\", \"object\": \"(Record Name): English\", \"fields\": [\"_redirect\"]}}, {\"changed\": {\"name\": \"choice option\", \"object\": \"(Record Name): Dutch\", \"fields\": [\"_redirect\"]}}, {\"changed\": {\"name\": \"choice option\", \"object\": \"(Record Name): French\", \"fields\": [\"_redirect\"]}}]"}}, {"model": "admin.logentry", "pk": 24, "fields": {"action_time": "2017-04-28T14:06:24.963Z", "user": 1, "content_type": 8, "object_id": "2", "object_repr": "Voice Service: Foroba blon caller", "action_flag": 2, "change_message": "[{\"changed\": {\"fields\": [\"active\"]}}]"}}, {"model": "admin.logentry", "pk": 25, "fields": {"action_time": "2017-04-28T14:06:31.648Z", "user": 1, "content_type": 8, "object_id": "1", "object_repr": "Voice Service: King's truth checker", "action_flag": 2, "change_message": "[{\"changed\": {\"fields\": [\"active\"]}}]"}}, {"model": "admin.logentry", "pk": 26, "fields": {"action_time": "2017-04-28T14:06:39.716Z", "user": 1, "content_type": 8, "object_id": "2", "object_repr": "Voice Service: Foroba blon caller", "action_flag": 2, "change_message": "[]"}}, {"model": "admin.logentry", "pk": 27, "fields": {"action_time": "2017-04-28T14:57:00.251Z", "user": 1, "content_type": 8, "object_id": "2", "object_repr": "Voice Service: Foroba blon caller", "action_flag": 2, "change_message": "[]"}}, {"model": "admin.logentry", "pk": 28, "fields": {"action_time": "2017-04-28T14:58:02.323Z", "user": 1, "content_type": 12, "object_id": "9", "object_repr": "Choose language", "action_flag": 2, "change_message": "[{\"changed\": {\"name\": \"choice option\", \"object\": \"(Choose language): One\", \"fields\": [\"name\"]}}, {\"changed\": {\"name\": \"choice option\", \"object\": \"(Choose language): Two\", \"fields\": [\"name\"]}}, {\"changed\": {\"name\": \"choice option\", \"object\": \"(Choose language): Three\", \"fields\": [\"name\"]}}]"}}, {"model": "admin.logentry", "pk": 29, "fields": {"action_time": "2017-04-28T15:01:53.765Z", "user": 1, "content_type": 8, "object_id": "2", "object_repr": "Voice Service: Foroba blon caller", "action_flag": 2, "change_message": "[]"}}, {"model": "admin.logentry", "pk": 30, "fields": {"action_time": "2017-04-28T15:02:18.809Z", "user": 1, "content_type": 12, "object_id": "9", "object_repr": "Choose language", "action_flag": 2, "change_message": "[]"}}, {"model": "admin.logentry", "pk": 31, "fields": {"action_time": "2017-04-28T15:03:37.378Z", "user": 1, "content_type": 12, "object_id": "8", "object_repr": "Record Name", "action_flag": 2, "change_message": "[]"}}, {"model": "admin.logentry", "pk": 32, "fields": {"action_time": "2017-04-28T15:05:24.776Z", "user": 1, "content_type": 12, "object_id": "16", "object_repr": "Ask for gender", "action_flag": 1, "change_message": "[{\"added\": {}}, {\"added\": {\"name\": \"choice option\", \"object\": \"(Ask for gender): male\"}}, {\"added\": {\"name\": \"choice option\", \"object\": \"(Ask for gender): female\"}}, {\"added\": {\"name\": \"choice option\", \"object\": \"(Ask for gender): skip\"}}]"}}, {"model": "admin.logentry", "pk": 33, "fields": {"action_time": "2017-04-28T15:25:31.881Z", "user": 1, "content_type": 9, "object_id": "26", "object_repr": "Voice Label: Male", "action_flag": 1, "change_message": "[{\"added\": {}}, {\"added\": {\"name\": \"voice fragment\", \"object\": \"Voice Fragment: (English) Male\"}}, {\"added\": {\"name\": \"voice fragment\", \"object\": \"Voice Fragment: (Nederlands) Male\"}}]"}}, {"model": "admin.logentry", "pk": 34, "fields": {"action_time": "2017-04-28T15:34:05.837Z", "user": 1, "content_type": 9, "object_id": "26", "object_repr": "Voice Label: Male", "action_flag": 2, "change_message": "[{\"added\": {\"name\": \"voice fragment\", \"object\": \"Voice Fragment: (French) Male\"}}]"}}, {"model": "admin.logentry", "pk": 35, "fields": {"action_time": "2017-04-28T15:35:50.624Z", "user": 1, "content_type": 9, "object_id": "26", "object_repr": "Voice Label: Male", "action_flag": 2, "change_message": "[]"}}, {"model": "admin.logentry", "pk": 36, "fields": {"action_time": "2017-04-28T15:36:23.890Z", "user": 1, "content_type": 9, "object_id": "27", "object_repr": "Voice Label: Female", "action_flag": 1, "change_message": "[{\"added\": {}}, {\"added\": {\"name\": \"voice fragment\", \"object\": \"Voice Fragment: (English) Female\"}}, {\"added\": {\"name\": \"voice fragment\", \"object\": \"Voice Fragment: (Nederlands) Female\"}}, {\"added\": {\"name\": \"voice fragment\", \"object\": \"Voice Fragment: (French) Female\"}}]"}}, {"model": "admin.logentry", "pk": 37, "fields": {"action_time": "2017-04-28T15:36:38.842Z", "user": 1, "content_type": 9, "object_id": "27", "object_repr": "Voice Label: Female", "action_flag": 2, "change_message": "[]"}}, {"model": "admin.logentry", "pk": 38, "fields": {"action_time": "2017-04-28T15:37:02.610Z", "user": 1, "content_type": 12, "object_id": "16", "object_repr": "Ask for gender", "action_flag": 2, "change_message": "[{\"changed\": {\"name\": \"choice option\", \"object\": \"(Ask for gender): male\", \"fields\": [\"voice_label\"]}}, {\"changed\": {\"name\": \"choice option\", \"object\": \"(Ask for gender): female\", \"fields\": [\"voice_label\"]}}]"}}, {"model": "admin.logentry", "pk": 39, "fields": {"action_time": "2017-04-28T15:37:18.647Z", "user": 1, "content_type": 12, "object_id": "16", "object_repr": "Ask for gender", "action_flag": 2, "change_message": "[{\"deleted\": {\"name\": \"choice option\", \"object\": \"(Ask for gender): skip\"}}]"}}, {"model": "admin.logentry", "pk": 40, "fields": {"action_time": "2017-04-28T15:37:44.437Z", "user": 1, "content_type": 12, "object_id": "8", "object_repr": "Record Name", "action_flag": 2, "change_message": "[{\"changed\": {\"name\": \"choice option\", \"object\": \"(Record Name): English\", \"fields\": [\"_redirect\"]}}, {\"changed\": {\"name\": \"choice option\", \"object\": \"(Record Name): Dutch\", \"fields\": [\"_redirect\"]}}, {\"changed\": {\"name\": \"choice option\", \"object\": \"(Record Name): French\", \"fields\": [\"_redirect\"]}}]"}}, {"model": "admin.logentry", "pk": 41, "fields": {"action_time": "2017-04-28T15:45:18.326Z", "user": 1, "content_type": 9, "object_id": "28", "object_repr": "Voice Label: Village name", "action_flag": 1, "change_message": "[{\"added\": {}}, {\"added\": {\"name\": \"voice fragment\", \"object\": \"Voice Fragment: (English) Village name\"}}, {\"added\": {\"name\": \"voice fragment\", \"object\": \"Voice Fragment: (Nederlands) Village name\"}}, {\"added\": {\"name\": \"voice fragment\", \"object\": \"Voice Fragment: (French) Village name\"}}]"}}, {"model": "admin.logentry", "pk": 42, "fields": {"action_time": "2017-04-28T15:45:39.712Z", "user": 1, "content_type": 9, "object_id": "28", "object_repr": "Voice Label: Village name", "action_flag": 2, "change_message": "[]"}}, {"model": "admin.logentry", "pk": 43, "fields": {"action_time": "2017-04-28T15:46:25.480Z", "user": 1, "content_type": 12, "object_id": "20", "object_repr": "Record village name", "action_flag": 1, "change_message": "[{\"added\": {}}]"}}, {"model": "admin.logentry", "pk": 44, "fields": {"action_time": "2017-04-28T15:47:49.187Z", "user": 1, "content_type": 12, "object_id": "20", "object_repr": "Record village name", "action_flag": 2, "change_message": "[{\"added\": {\"name\": \"choice option\", \"object\": \"(Record village name): English\"}}, {\"added\": {\"name\": \"choice option\", \"object\": \"(Record village name): Dutch\"}}, {\"added\": {\"name\": \"choice option\", \"object\": \"(Record village name): French\"}}]"}}, {"model": "admin.logentry", "pk": 45, "fields": {"action_time": "2017-04-28T15:48:11.905Z", "user": 1, "content_type": 12, "object_id": "16", "object_repr": "Ask for gender", "action_flag": 2, "change_message": "[{\"changed\": {\"name\": \"choice option\", \"object\": \"(Ask for gender): male\", \"fields\": [\"_redirect\"]}}, {\"changed\": {\"name\": \"choice option\", \"object\": \"(Ask for gender): female\", \"fields\": [\"_redirect\"]}}]"}}, {"model": "admin.logentry", "pk": 46, "fields": {"action_time": "2017-04-28T15:48:26.292Z", "user": 1, "content_type": 12, "object_id": "20", "object_repr": "Record village name", "action_flag": 2, "change_message": "[]"}}, {"model": "admin.logentry", "pk": 47, "fields": {"action_time": "2017-04-28T16:15:14.099Z", "user": 1, "content_type": 11, "object_id": "24", "object_repr": "Message: Record village name", "action_flag": 1, "change_message": "[{\"added\": {}}]"}}, {"model": "admin.logentry", "pk": 48, "fields": {"action_time": "2017-04-28T16:16:06.501Z", "user": 1, "content_type": 9, "object_id": "29", "object_repr": "Voice Label: Record message", "action_flag": 1, "change_message": "[{\"added\": {}}, {\"added\": {\"name\": \"voice fragment\", \"object\": \"Voice Fragment: (English) Record message\"}}, {\"added\": {\"name\": \"voice fragment\", \"object\": \"Voice Fragment: (Nederlands) Record message\"}}, {\"added\": {\"name\": \"voice fragment\", \"object\": \"Voice Fragment: (French) Record message\"}}]"}}, {"model": "admin.logentry", "pk": 49, "fields": {"action_time": "2017-04-28T16:16:46.699Z", "user": 1, "content_type": 11, "object_id": "24", "object_repr": "Message: Record village name", "action_flag": 2, "change_message": "[]"}}, {"model": "admin.logentry", "pk": 50, "fields": {"action_time": "2017-04-28T16:17:10.949Z", "user": 1, "content_type": 11, "object_id": "25", "object_repr": "Message: Record message", "action_flag": 1, "change_message": "[{\"added\": {}}]"}}, {"model": "admin.logentry", "pk": 51, "fields": {"action_time": "2017-04-28T16:17:18.055Z", "user": 1, "content_type": 11, "object_id": "24", "object_repr": "Message: Record village name", "action_flag": 2, "change_message": "[{\"changed\": {\"fields\": [\"_redirect\"]}}]"}}, {"model": "admin.logentry", "pk": 52, "fields": {"action_time": "2017-04-28T16:17:48.704Z", "user": 1, "content_type": 12, "object_id": "20", "object_repr": "Record village name", "action_flag": 3, "change_message": ""}}, {"model": "admin.logentry", "pk": 53, "fields": {"action_time": "2017-04-28T16:18:00.105Z", "user": 1, "content_type": 12, "object_id": "8", "object_repr": "Record Name", "action_flag": 3, "change_message": ""}}, {"model": "admin.logentry", "pk": 54, "fields": {"action_time": "2017-04-28T16:18:17.825Z", "user": 1, "content_type": 11, "object_id": "24", "object_repr": "Message: Record village name", "action_flag": 2, "change_message": "[{\"changed\": {\"fields\": [\"_redirect\"]}}]"}}, {"model": "admin.logentry", "pk": 55, "fields": {"action_time": "2017-04-28T16:19:15.051Z", "user": 1, "content_type": 8, "object_id": "2", "object_repr": "Voice Service: Foroba blon caller", "action_flag": 2, "change_message": "[]"}}, {"model": "admin.logentry", "pk": 56, "fields": {"action_time": "2017-04-28T16:20:00.115Z", "user": 1, "content_type": 12, "object_id": "9", "object_repr": "Choose language", "action_flag": 2, "change_message": "[{\"changed\": {\"name\": \"choice option\", \"object\": \"(Choose language): One\", \"fields\": [\"_redirect\"]}}, {\"changed\": {\"name\": \"choice option\", \"object\": \"(Choose language): Two\", \"fields\": [\"_redirect\"]}}, {\"changed\": {\"name\": \"choice option\", \"object\": \"(Choose language): Three\", \"fields\": [\"_redirect\"]}}]"}}, {"model": "admin.logentry", "pk": 57, "fields": {"action_time": "2017-04-28T16:20:49.053Z", "user": 1, "content_type": 11, "object_id": "26", "object_repr": "Message: Record Name", "action_flag": 1, "change_message": "[{\"added\": {}}]"}}, {"model": "admin.logentry", "pk": 58, "fields": {"action_time": "2017-04-28T16:21:26.980Z", "user": 1, "content_type": 9, "object_id": "30", "object_repr": "Voice Label: Ask for name", "action_flag": 1, "change_message": "[{\"added\": {}}, {\"added\": {\"name\": \"voice fragment\", \"object\": \"Voice Fragment: (English) Ask for name\"}}, {\"added\": {\"name\": \"voice fragment\", \"object\": \"Voice Fragment: (Nederlands) Ask for name\"}}, {\"added\": {\"name\": \"voice fragment\", \"object\": \"Voice Fragment: (French) Ask for name\"}}]"}}, {"model": "admin.logentry", "pk": 59, "fields": {"action_time": "2017-04-28T16:21:52.311Z", "user": 1, "content_type": 11, "object_id": "26", "object_repr": "Message: Record Name", "action_flag": 2, "change_message": "[{\"changed\": {\"fields\": [\"voice_label\", \"_redirect\"]}}]"}}, {"model": "admin.logentry", "pk": 60, "fields": {"action_time": "2017-04-28T16:22:57.019Z", "user": 1, "content_type": 9, "object_id": "30", "object_repr": "Voice Label: Ask for name", "action_flag": 2, "change_message": "[{\"deleted\": {\"name\": \"voice fragment\", \"object\": \"Voice Fragment: (English) Ask for name\"}}, {\"deleted\": {\"name\": \"voice fragment\", \"object\": \"Voice Fragment: (Nederlands) Ask for name\"}}, {\"deleted\": {\"name\": \"voice fragment\", \"object\": \"Voice Fragment: (French) Ask for name\"}}]"}}, {"model": "admin.logentry", "pk": 61, "fields": {"action_time": "2017-04-28T16:23:13.208Z", "user": 1, "content_type": 9, "object_id": "30", "object_repr": "Voice Label: Ask for name", "action_flag": 2, "change_message": "[{\"added\": {\"name\": \"voice fragment\", \"object\": \"Voice Fragment: (English) Ask for name\"}}, {\"added\": {\"name\": \"voice fragment\", \"object\": \"Voice Fragment: (Nederlands) Ask for name\"}}, {\"added\": {\"name\": \"voice fragment\", \"object\": \"Voice Fragment: (French) Ask for name\"}}]"}}, {"model": "admin.logentry", "pk": 62, "fields": {"action_time": "2017-04-28T16:23:41.948Z", "user": 1, "content_type": 11, "object_id": "26", "object_repr": "Message: Record Name", "action_flag": 2, "change_message": "[]"}}, {"model": "admin.logentry", "pk": 63, "fields": {"action_time": "2017-04-28T16:23:57.939Z", "user": 1, "content_type": 11, "object_id": "26", "object_repr": "Message: Record Name", "action_flag": 2, "change_message": "[{\"changed\": {\"fields\": [\"_redirect\"]}}]"}}, {"model": "admin.logentry", "pk": 64, "fields": {"action_time": "2017-04-28T16:24:11.785Z", "user": 1, "content_type": 8, "object_id": "2", "object_repr": "Voice Service: Foroba blon caller", "action_flag": 2, "change_message": "[]"}}, {"model": "admin.logentry", "pk": 65, "fields": {"action_time": "2017-04-28T16:24:37.113Z", "user": 1, "content_type": 12, "object_id": "16", "object_repr": "Ask for gender", "action_flag": 2, "change_message": "[{\"changed\": {\"name\": \"choice option\", \"object\": \"(Ask for gender): male\", \"fields\": [\"_redirect\"]}}, {\"changed\": {\"name\": \"choice option\", \"object\": \"(Ask for gender): female\", \"fields\": [\"_redirect\"]}}]"}}, {"model": "admin.logentry", "pk": 66, "fields": {"action_time": "2017-04-28T19:41:33.014Z", "user": 1, "content_type": 8, "object_id": "2", "object_repr": "Voice Service: Foroba blon caller", "action_flag": 2, "change_message": "[]"}}, {"model": "admin.logentry", "pk": 67, "fields": {"action_time": "2017-04-28T20:21:46.718Z", "user": 1, "content_type": 8, "object_id": "2", "object_repr": "Voice Service: Foroba blon caller", "action_flag": 2, "change_message": "[]"}}, {"model": "admin.logentry", "pk": 68, "fields": {"action_time": "2017-04-28T20:22:33.727Z", "user": 1, "content_type": 9, "object_id": "8", "object_repr": "Voice Label: Please select your language", "action_flag": 2, "change_message": "[]"}}, {"model": "admin.logentry", "pk": 69, "fields": {"action_time": "2017-04-28T20:22:59.018Z", "user": 1, "content_type": 12, "object_id": "9", "object_repr": "Choose language", "action_flag": 2, "change_message": "[]"}}, {"model": "admin.logentry", "pk": 70, "fields": {"action_time": "2017-04-28T20:23:46.964Z", "user": 1, "content_type": 12, "object_id": "16", "object_repr": "Ask for gender", "action_flag": 2, "change_message": "[]"}}, {"model": "admin.logentry", "pk": 71, "fields": {"action_time": "2017-04-29T14:37:11.562Z", "user": 1, "content_type": 8, "object_id": "2", "object_repr": "Voice Service: Foroba blon caller", "action_flag": 2, "change_message": "[]"}}, {"model": "admin.logentry", "pk": 72, "fields": {"action_time": "2017-04-29T19:29:47.886Z", "user": 1, "content_type": 8, "object_id": "2", "object_repr": "Voice Service: Foroba blon caller", "action_flag": 2, "change_message": "[]"}}, {"model": "admin.logentry", "pk": 73, "fields": {"action_time": "2017-04-29T19:31:24.170Z", "user": 1, "content_type": 12, "object_id": "9", "object_repr": "Choose language", "action_flag": 2, "change_message": "[]"}}]